[06:39:51] [main/INFO]: Loading Minecraft 1.21.1 with Fabric Loader 0.18.4
[06:39:55] [ForkJoinPool-1-worker-2/WARN]: The mod "takesapillage" contains invalid entries in its mod json:
- Unsupported root entry "mc-publish" at line 51 column 17
[06:39:57] [ForkJoinPool-1-worker-3/WARN]: The mod "dungeons_arise" contains invalid entries in its mod json:
- Unsupported root entry "credits" at line 12 column 11
[06:40:07] [main/INFO]: Loading 328 mods:
	- accessories 1.1.0-beta.53+1.21.1
	- advancednetherite 2.3.1-1.21.1
	- amendments 1.21-2.0.15
	- ancientstructures 0.1.1
	- animal_feeding_trough 1.1.2+1.21.1
	- ante 1.2.1
	- architectury 13.0.8
	- armoroftheages 1.5.7
	- artifacts 13.2.0
	   |-- com_electronwill_night-config_core 3.8.0
	   |-- com_electronwill_night-config_toml 3.8.0
	   \-- expandability 12.0.0
	- atistructures 1.3.10
	- azurelib 3.0.39
	- balm 21.0.56
	   \-- kuma_api 21.0.7
	- betteradvancements 0.4.3.21
	- bettercombat 2.3.1+1.21.1
	   \-- tiny_config 3.1.0
	- betterendisland 1.21.1-Fabric-3.1.2
	   \-- org_reflections_reflections 0.10.2
	- bettervillage 3.3.1
	- biomesoplenty 21.1.0.13
	- bosses_of_mass_destruction 1.10.2-1.21.1
	   \-- multipart_entities 1.7-1.21
	- c2me 0.3.0+alpha.0.362+1.21.1
	   |-- c2me-base 0.3.0+alpha.0.362+1.21.1
	   |-- c2me-client-uncapvd 0.3.0+alpha.0.362+1.21.1
	   |-- c2me-fixes-chunkio-threading-issues 0.3.0+alpha.0.362+1.21.1
	   |-- c2me-fixes-general-threading-issues 0.3.0+alpha.0.362+1.21.1
	   |-- c2me-fixes-worldgen-threading-issues 0.3.0+alpha.0.362+1.21.1
	   |-- c2me-fixes-worldgen-vanilla-bugs 0.3.0+alpha.0.362+1.21.1
	   |-- c2me-notickvd 0.3.0+alpha.0.362+1.21.1
	   |-- c2me-opts-allocs 0.3.0+alpha.0.362+1.21.1
	   |-- c2me-opts-chunkio 0.3.0+alpha.0.362+1.21.1
	   |-- c2me-opts-dfc 0.3.0+alpha.0.362+1.21.1
	   |-- c2me-opts-math 0.3.0+alpha.0.362+1.21.1
	   |-- c2me-opts-scheduling 0.3.0+alpha.0.362+1.21.1
	   |-- c2me-opts-worldgen-general 0.3.0+alpha.0.362+1.21.1
	   |-- c2me-opts-worldgen-vanilla 0.3.0+alpha.0.362+1.21.1
	   |-- c2me-rewrites-chunk-serializer 0.3.0+alpha.0.362+1.21.1
	   |-- c2me-rewrites-chunk-system 0.3.0+alpha.0.362+1.21.1
	   |-- c2me-rewrites-chunkio 0.3.0+alpha.0.362+1.21.1
	   |-- c2me-server-utils 0.3.0+alpha.0.362+1.21.1
	   |-- c2me-threading-lighting 0.3.0+alpha.0.362+1.21.1
	   |-- com_ibm_async_asyncutil 0.1.0
	   |-- io_reactivex_rxjava3_rxjava 3.1.12
	   |-- mixinsquared 0.2.0-beta.6
	   |-- net_objecthunter_exp4j 0.4.8
	   |-- org_jctools_jctools-core 4.0.5
	   \-- org_reactivestreams_reactive-streams 1.0.4
	- cardiac 0.5.3.4
	- cardinal-components 6.1.3
	   |-- cardinal-components-base 6.1.3
	   |-- cardinal-components-block 6.1.3
	   |-- cardinal-components-chunk 6.1.3
	   |-- cardinal-components-entity 6.1.3
	   |-- cardinal-components-item 6.1.3
	   |-- cardinal-components-level 6.1.3
	   |-- cardinal-components-scoreboard 6.1.3
	   \-- cardinal-components-world 6.1.3
	- chefsdelight 1.0.5-fabric-1.21.1
	   \-- structurized-reborn 1.21.1-01
	- chunksending 1.21-2.8
	- cloth-config 15.0.140
	   \-- cloth-basic-math 0.6.1
	- collective 8.13
	- comforts 9.0.5+1.21.1
	   \-- spectrelib 0.17.2+1.21
	        |-- com_electronwill_night-config_core 3.8.0
	        \-- com_electronwill_night-config_toml 3.8.0
	- connectedglass 1.1.14
	- connectivity 1.21-7.2
	- coroutil 1.21.1-1.3.8
	- creativecore 2.13.29
	   \-- net_neoforged_bus 7.2.0
	- creeperoverhaul 4.0.6
	   \-- com_teamresourceful_resourceful-cosmetics-4j 1.0.3
	- cristellib 3.0.3
	   \-- blue_endless_jankson 1.2.3
	- crittersandcompanions 1.21.1-2.3.4
	   |-- porting_lib_attributes 3.1.0-beta.75+1.21.1
	   |    |-- porting_lib_core 3.1.0-beta.75+1.21.1
	   |    \-- porting_lib_gametest 3.1.0-beta.75+1.21.1
	   \-- porting_lib_entity 3.1.0-beta.75+1.21.1
	        |-- porting_lib_core 3.1.0-beta.75+1.21.1
	        |-- porting_lib_gametest 3.1.0-beta.75+1.21.1
	        \-- porting_lib_mixin_extensions 3.1.0-beta.75+1.21.1
	- ctov 3.6.1
	- cupboard 1.21-2.9
	- dangerous 1.4.3
	- dawnoftimebuilder 1.6.4
	- deeperdarker 1.3.3-plus-b
	   \-- customportalapi 0.0.1-beta67-1.21
	- diagonalfences 21.1.1
	- diagonalwalls 21.1.2
	   \-- diagonalblocks 21.1.2
	- doubledoors 7.2
	- dungeons_arise 2.1.68
	- easyanvils 21.1.0
	- easymagic 21.1.4
	- easyshulkerboxes 21.1.3
	   \-- iteminteractions 21.1.4
	- ecologics 2.3.3
	- effortless 3.4.0
	- emotecraft 2.4.12
	   \-- bendy-lib 5.1
	- epicwitchhuts 1.2.0
	- explorerscompass 1.21.1-2.2.5-fabric
	- exposure 1.9.13
	- fabric-api 0.116.8+1.21.1
	   |-- fabric-api-base 0.4.42+6573ed8c19
	   |-- fabric-api-lookup-api-v1 1.6.71+b559734419
	   |-- fabric-biome-api-v1 13.0.31+d527f9fd19
	   |-- fabric-block-api-v1 1.1.0+0bc3503219
	   |-- fabric-block-view-api-v2 1.0.11+ebb2264e19
	   |-- fabric-blockrenderlayer-v1 1.1.52+0af3f5a719
	   |-- fabric-client-tags-api-v1 1.1.15+6573ed8c19
	   |-- fabric-command-api-v1 1.2.49+f71b366f19
	   |-- fabric-command-api-v2 2.2.28+6ced4dd919
	   |-- fabric-commands-v0 0.2.66+df3654b319
	   |-- fabric-content-registries-v0 8.0.19+b559734419
	   |-- fabric-convention-tags-v1 2.1.6+7f945d5b19
	   |-- fabric-convention-tags-v2 2.11.2+fa89716719
	   |-- fabric-crash-report-info-v1 0.2.29+0af3f5a719
	   |-- fabric-data-attachment-api-v1 1.4.6+5b36e0f719
	   |-- fabric-data-generation-api-v1 20.2.35+37516cd619
	   |-- fabric-dimensions-v1 4.0.1+65213ef819
	   |-- fabric-entity-events-v1 1.8.0+2b27e0a419
	   |-- fabric-events-interaction-v0 0.7.13+ba9dae0619
	   |-- fabric-game-rule-api-v1 1.0.53+6ced4dd919
	   |-- fabric-item-api-v1 11.2.0+3b3cb2e819
	   |-- fabric-item-group-api-v1 4.1.7+def88e3a19
	   |-- fabric-key-binding-api-v1 1.0.47+0af3f5a719
	   |-- fabric-keybindings-v0 0.2.45+df3654b319
	   |-- fabric-lifecycle-events-v1 2.6.0+0865547519
	   |-- fabric-loot-api-v2 3.0.15+3f89f5a519
	   |-- fabric-loot-api-v3 1.0.3+3f89f5a519
	   |-- fabric-message-api-v1 6.0.14+8aaf3aca19
	   |-- fabric-model-loading-api-v1 2.1.0+b4d813fc19
	   |-- fabric-networking-api-v1 4.3.0+c7469b2119
	   |-- fabric-object-builder-api-v1 15.2.1+40875a9319
	   |-- fabric-particles-v1 4.0.2+6573ed8c19
	   |-- fabric-recipe-api-v1 5.0.15+2475392c19
	   |-- fabric-registry-sync-v0 5.3.1+e3eddc2119
	   |-- fabric-renderer-api-v1 3.4.1+b4d813fc19
	   |-- fabric-renderer-indigo 1.7.1+c705a49c19
	   |-- fabric-renderer-registries-v1 3.2.69+df3654b319
	   |-- fabric-rendering-data-attachment-v1 0.3.49+73761d2e19
	   |-- fabric-rendering-fluids-v1 3.1.6+1daea21519
	   |-- fabric-rendering-v0 1.1.72+df3654b319
	   |-- fabric-rendering-v1 5.1.0+ab4c25a019
	   |-- fabric-resource-conditions-api-v1 4.3.0+8dc279b119
	   |-- fabric-resource-loader-v0 1.3.1+5b5275af19
	   |-- fabric-screen-api-v1 2.0.25+8b68f1c719
	   |-- fabric-screen-handler-api-v1 1.3.90+b559734419
	   |-- fabric-sound-api-v1 1.0.23+6573ed8c19
	   |-- fabric-transfer-api-v1 5.4.3+c24bd99419
	   \-- fabric-transitive-access-wideners-v1 6.2.0+45b9699719
	- fabric-language-kotlin 1.13.9+kotlin.2.3.10
	   |-- org_jetbrains_kotlin_kotlin-reflect 2.3.10
	   |-- org_jetbrains_kotlin_kotlin-stdlib 2.3.10
	   |-- org_jetbrains_kotlin_kotlin-stdlib-jdk7 2.3.10
	   |-- org_jetbrains_kotlin_kotlin-stdlib-jdk8 2.3.10
	   |-- org_jetbrains_kotlinx_atomicfu-jvm 0.31.0
	   |-- org_jetbrains_kotlinx_kotlinx-coroutines-core-jvm 1.10.2
	   |-- org_jetbrains_kotlinx_kotlinx-coroutines-jdk8 1.10.2
	   |-- org_jetbrains_kotlinx_kotlinx-datetime-jvm 0.7.1
	   |-- org_jetbrains_kotlinx_kotlinx-io-bytestring-jvm 0.8.2
	   |-- org_jetbrains_kotlinx_kotlinx-io-core-jvm 0.8.2
	   |-- org_jetbrains_kotlinx_kotlinx-serialization-cbor-jvm 1.10.0
	   |-- org_jetbrains_kotlinx_kotlinx-serialization-core-jvm 1.10.0
	   \-- org_jetbrains_kotlinx_kotlinx-serialization-json-jvm 1.10.0
	- fabricloader 0.18.4
	   \-- mixinextras 0.5.0
	- fallingtrees 0.14.0-APLHA.2.1
	- farmersdelight 1.21.1-3.2.3+refabricated
	   \-- mm 2.3
	- fastasyncworldsave 1.21-2.6
	- fastitemframes 21.1.6
	- ferritecore 7.0.3
	- fishofthieves 21.1.1.2
	   \-- mm 2.3
	- forgeconfigapiport 21.1.6
	   |-- com_electronwill_night-config_core 3.8.0
	   \-- com_electronwill_night-config_toml 3.8.0
	- framework 0.13.11
	   |-- org_javassist_javassist 3.29.2-GA
	   \-- org_reflections_reflections 0.10.2
	- furnitureexpanded 1.2
	- fusion 1.2.12
	- fzzy_config 0.7.6+1.21
	   |-- blue_endless_jankson 1.2.3
	   |-- fabric-permissions-api-v0 0.3.1
	   \-- net_peanuuutz_tomlkt_tomlkt-jvm 0.3.7
	- gamingfurniture 0.3.0
	   \-- special-model-loader 1.3.0
	- geckolib 4.8.3
	- glitchcore 2.1.0.0
	   \-- net_jodah_typetools 0.6.3
	- guardvillagers 2.1.2-1.21
	   \-- midnightlib 1.5.7
	- handcrafted 4.0.3
	- iceberg 1.3.2
	- imfast 1.0.2
	- immersivelanterns 1.0.6
	- infinitetrading 4.6
	- itemphysic 1.8.10
	- items_displayed 1.3
	- jade 15.10.5+fabric
	- jamlib 1.3.5+1.21.1
	   \-- blue_endless_jankson 1.2.3
	- java 21
	- jei 19.27.0.340
	- js_furniture_mod 1.0.5
	- justhammers 21.1.4
	- libraryferret 4.0.0
	- lithostitched 1.5.7
	- livingthings 1.21.1-2.3.0
	- mca 7.7.5+1.21.1
	- mcwbridges 3.1.2
	- mcwfences 1.2.1
	- mcwfurnitures 3.4.1
	- mcwwindows 2.4.2
	- mes 2.0.0
	- minecraft 1.21.1
	- mob_drops_recipes_end 2.1.0
	- mob_drops_recipes_nether 2.1.1
	- mob_drops_recipes_overworld 2.1.0
	- mobs_of_mythology 2.2.2
	- modernfix 5.25.1+mc1.21.1
	- monolib 2.1.0
	- moogs_structures 1.1.0-1.21-1.21.1-fabric
	- moonlight 1.21-2.29.16
	- mr_better_snowybiome 1-v2.5.1
	- mr_dungeons_andtaverns 1-v4.4.4
	- mr_dungeons_andtavernsnetherfortressoverhaul 1-v2.4
	- mr_dungeons_andtavernsoceanmonumentreplacement 1-v1.2
	- mr_dungeons_andtavernsstrongholdoverhaul 1-v2.1.f
	- mr_dungeons_andtavernswoodlandmansionreplacement 1-v1.2
	- mr_epic_structuresvillages 1.2.0
	- mr_revault 1.2
	- mr_true_ending 1-v1.1.2d
	- mr_vb_compat 1.4
	- mru 1.0.19+LTS+1.21.1+fabric
	   \-- org_commonmark_commonmark 0.21.0
	- naturescompass 1.21.1-2.2.7-fabric
	- nemos_inventory_sorting 1.21.1-1.8.2.1
	- netherportalfix 21.1.3
	- noisium 2.3.0+mc1.21-1.21.1
	- nullscape 1.2.14
	- nyfsspiders 3.0.1
	   \-- awcapi 1.0.2
	- octolib 0.6.0.4
	- owo 0.12.15.4+1.21
	   |-- io_wispforest_endec 0.1.5.1
	   |-- io_wispforest_endec_gson 0.1.3.1
	   |-- io_wispforest_endec_jankson 0.1.3.1
	   \-- io_wispforest_endec_netty 0.1.2
	- packetfixer 3.3.1
	- pandalib 1.0.0-ALPHA.2.1
	   |-- dev_pandasystems_universal-serializer 0.1.0-SNAPSHOT
	   |-- org_jetbrains_kotlinx_kotlinx-coroutines-core-jvm 1.10.2
	   \-- org_jetbrains_kotlinx_kotlinx-coroutines-jdk8 1.10.2
	- patchouli 1.21.1-92-FABRIC
	   \-- fiber 0.23.0-2
	- pickupnotifier 21.1.1
	- pingwheel 1.12.1
	- placeholder-api 2.4.2+1.21
	- platform 1.2.11.5
	- playeranimator 2.0.4+1.21.1
	- pointblank 1.10.0
	- polymer-bundled 0.9.19+1.21.1
	   |-- polymer-autohost 0.9.19+1.21.1
	   |    \-- io_netty_netty-codec-http 4.1.82
	   |-- polymer-blocks 0.9.19+1.21.1
	   |-- polymer-common 0.9.19+1.21.1
	   |    \-- packet_tweaker 0.5.6+1.21
	   |-- polymer-core 0.9.19+1.21.1
	   |    |-- polymer-networking 0.9.19+1.21.1
	   |    |    \-- polymer-common 0.9.19+1.21.1
	   |    |         \-- packet_tweaker 0.5.6+1.21
	   |    \-- polymer-registry-sync-manipulator 0.9.19+1.21.1
	   |-- polymer-resource-pack 0.9.19+1.21.1
	   |    \-- polymer-common 0.9.19+1.21.1
	   |         \-- packet_tweaker 0.5.6+1.21
	   \-- polymer-virtual-entity 0.9.19+1.21.1
	        \-- polymer-common 0.9.19+1.21.1
	             \-- packet_tweaker 0.5.6+1.21
	- puzzleslib 21.1.39
	- quartzelv 2.3.1+1.21.1
	- quickskin 2.6.1.1
	- rch_supplementaries_compat 2.0.0+1.21
	- realisticbees 4.2
	- refurbished_furniture 1.0.22
	- resourcefulconfig 3.0.11
	- resourcefullib 3.0.12
	   |-- com_teamresourceful_bytecodecs 1.1.2
	   \-- com_teamresourceful_yabn 1.0.3
	- rightclickharvest 4.6.0+1.21.1
	- rusticdelight 1.5.2
	- sereneseasons 10.1.0.3
	   \-- net_jodah_typetools 0.6.3
	- servercore 1.5.10+1.21.1
	   |-- fabric-permissions-api-v0 0.3.1
	   |-- org_yaml_snakeyaml 2.3
	   |-- space_arim_dazzleconf_dazzleconf-core 1.3.0-M2
	   \-- space_arim_dazzleconf_dazzleconf-ext-snakeyaml 1.3.0-M2
	- silk-all 1.10.7
	   |-- silk-commands 1.10.7
	   |-- silk-core 1.10.7
	   |-- silk-game 1.10.7
	   |-- silk-igui 1.10.7
	   |-- silk-nbt 1.10.7
	   |-- silk-network 1.10.7
	   \-- silk-persistence 1.10.7
	- smartbrainlib 1.16.11
	- spears 1.7.3
	- spell_power 1.4.6+1.21.1
	   \-- tiny_config 3.1.0
	- stackrefill 4.9
	- structure_pool_api 1.2.1+1.21.1
	- supermartijn642corelib 1.1.20
	- supplementaries 1.21-3.5.19
	- t_and_t 1.13.7
	- takesapillage 1.0.10
	- tectonic 3.0.19
	- terrablender 4.1.0.8
	- terralith 2.5.8
	- tinyskeletons 21.1.0
	- trade_cycling 1.21.1-1.0.18
	   |-- fabric-key-binding-api-v1 1.0.47+0af3f5a76a
	   \-- fabric-screen-api-v1 2.0.24+b55973446a
	- travelersbackpack 10.1.33
	- trinkets 3.10.0
	- txnilib 1.0.24
	- universal-graves 3.4.4+1.21
	   |-- common-protection-api 1.0.0
	   |-- predicate-api 0.5.1+1.21
	   |-- server_translations_api 2.3.1+1.21-pre2
	   \-- sgui 1.6.0+1.21
	- vanillabackport 1.1.5.4.2
	- variantsandventures 1.0.22
	- vcinteraction 1.21.1-1.0.8
	- veinminer 2.4.2
	   |-- de_miraculixx_core_dev 2.4.2
	   \-- fabric-permissions-api-v0 0.3.1
	- village_taverns 1.1.5+1.21.1
	   \-- tiny_config 3.1.0
	- villagernames 8.2
	- visualworkbench 21.1.1
	- voicechat 1.21.1-2.6.12
	   |-- fabric-key-binding-api-v1 1.0.47+0af3f5a76a
	   \-- voicechat_api 2.6.0
	- watut 1.21.0-1.2.7
	- waystones 21.1.27
	- weaponmaster_ydm 4.4.1
	- wildernature 1.1.4
	- worldedit 7.3.8+6939-7d32b45
	- yet_another_config_lib_v3 3.8.2+1.21.1-fabric
	   |-- com_twelvemonkeys_common_common-image 3.12.0
	   |-- com_twelvemonkeys_common_common-io 3.12.0
	   |-- com_twelvemonkeys_common_common-lang 3.12.0
	   |-- com_twelvemonkeys_imageio_imageio-core 3.12.0
	   |-- com_twelvemonkeys_imageio_imageio-metadata 3.12.0
	   |-- com_twelvemonkeys_imageio_imageio-webp 3.12.0
	   |-- org_quiltmc_parsers_gson 0.2.1
	   \-- org_quiltmc_parsers_json 0.2.1
	- yungsapi 1.21.1-Fabric-5.1.6
	   |-- org_javassist_javassist 3.29.2-GA
	   \-- org_reflections_reflections 0.10.2
[06:40:09] [main/INFO]: SpongePowered MIXIN Subsystem Version=0.8.7 Source=file:/workspaces/bug-prealpha1/servidor_minecraft/libraries/net/fabricmc/sponge-mixin/0.17.0+mixin.0.8.7/sponge-mixin-0.17.0+mixin.0.8.7.jar Service=Knot/Fabric Env=SERVER
[06:40:09] [main/INFO]: Compatibility level set to JAVA_17
[06:40:09] [main/INFO]: Compatibility level set to JAVA_21
[06:40:10] [main/WARN]: Reference map 'ancientstructures.refmap.json' for ancientstructures.mixins.json could not be read. If this is a development environment you can ignore this message
[06:40:10] [main/WARN]: Reference map 'ancientstructures.refmap.json' for ancientstructures.fabric.mixins.json could not be read. If this is a development environment you can ignore this message
[06:40:10] [main/INFO]: Initializing com.ishland.c2me.base.mixin
[06:40:10] [main/INFO]: Global Executor Parallelism: 3 configured, 3 evaluated, 3 default evaluated
[06:40:10] [main/INFO]: Initializing com.ishland.c2me.fixes.chunkio.threading_issues.mixin
[06:40:10] [main/INFO]: Initializing com.ishland.c2me.fixes.general.threading_issues.mixin
[06:40:10] [main/INFO]: Initializing com.ishland.c2me.fixes.worldgen.threading_issues.mixin
[06:40:10] [main/INFO]: Initializing com.ishland.c2me.fixes.worldgen.vanilla_bugs.mixin
[06:40:10] [main/INFO]: Initializing com.ishland.c2me.notickvd.mixin
[06:40:10] [main/INFO]: Initializing com.ishland.c2me.opts.allocs.mixin
[06:40:10] [main/INFO]: Initializing com.ishland.c2me.opts.chunkio.mixin
[06:40:10] [main/INFO]: Initializing com.ishland.c2me.opts.dfc.mixin
[06:40:10] [main/INFO]: Disabling com.ishland.c2me.opts.dfc.mixin
[06:40:10] [main/INFO]: Initializing com.ishland.c2me.opts.math.mixin
[06:40:10] [main/INFO]: Initializing com.ishland.c2me.opts.scheduling.mixin
[06:40:10] [main/INFO]: Initializing com.ishland.c2me.opts.worldgen.general.mixin
[06:40:10] [main/INFO]: Initializing com.ishland.c2me.opts.worldgen.vanilla.mixin
[06:40:10] [main/INFO]: Initializing com.ishland.c2me.rewrites.chunk_serializer.mixin
[06:40:10] [main/INFO]: Disabling config ioSystem.gcFreeChunkSerializer: Incompatible with architectury@13.0.8 (*) (defined in c2me)
[06:40:10] [main/INFO]: Disabling com.ishland.c2me.rewrites.chunk_serializer.mixin
[06:40:10] [main/INFO]: Initializing com.ishland.c2me.rewrites.chunksystem.mixin
[06:40:10] [main/INFO]: Initializing com.ishland.c2me.rewrites.chunkio.mixin
[06:40:10] [main/INFO]: Initializing com.ishland.c2me.server.utils.mixin
[06:40:10] [main/INFO]: Initializing com.ishland.c2me.threading.lighting.mixin
[06:40:10] [main/WARN]: Reference map 'connectedglass.mixins.refmap.json' for connectedglass.mixins.json could not be read. If this is a development environment you can ignore this message
[06:40:10] [main/WARN]: Reference map 'coroutil.refmap.json' for coroutil_fabric.mixins.json could not be read. If this is a development environment you can ignore this message
[06:40:10] [main/WARN]: Reference map '[common]ctov-common-refmap.json' for ctov-common.mixins.json could not be read. If this is a development environment you can ignore this message
[06:40:10] [main/WARN]: Reference map 'diagonalfences.common.refmap.json' for diagonalfences.common.mixins.json could not be read. If this is a development environment you can ignore this message
[06:40:10] [main/WARN]: Reference map 'diagonalfences.fabric.refmap.json' for diagonalfences.fabric.mixins.json could not be read. If this is a development environment you can ignore this message
[06:40:10] [main/WARN]: Reference map 'diagonalwalls.common.refmap.json' for diagonalwalls.common.mixins.json could not be read. If this is a development environment you can ignore this message
[06:40:10] [main/WARN]: Reference map 'diagonalwalls.fabric.refmap.json' for diagonalwalls.fabric.mixins.json could not be read. If this is a development environment you can ignore this message
[06:40:10] [main/WARN]: Reference map 'easyshulkerboxes.common.refmap.json' for easyshulkerboxes.common.mixins.json could not be read. If this is a development environment you can ignore this message
[06:40:10] [main/WARN]: Reference map 'easyshulkerboxes.fabric.refmap.json' for easyshulkerboxes.fabric.mixins.json could not be read. If this is a development environment you can ignore this message
[06:40:10] [main/WARN]: Reference map 'fastitemframes.fabric.refmap.json' for fastitemframes.fabric.mixins.json could not be read. If this is a development environment you can ignore this message
[06:40:10] [main/WARN]: Reference map 'forgeconfigapiport.common.refmap.json' for forgeconfigapiport.common.mixins.json could not be read. If this is a development environment you can ignore this message
[06:40:10] [main/WARN]: Reference map 'iteminteractions.fabric.refmap.json' for iteminteractions.fabric.mixins.json could not be read. If this is a development environment you can ignore this message
[06:40:10] [main/INFO]: Loaded configuration file for ModernFix 5.25.1+mc1.21.1: 65 options available, 3 override(s) found
[06:40:10] [main/WARN]: Option 'mixin.bugfix.paper_chunk_patches' overriden (by mods [c2me]) to 'false'
[06:40:10] [main/WARN]: Option 'mixin.perf.cache_strongholds' overriden (by mods [c2me]) to 'false'
[06:40:10] [main/WARN]: Option 'mixin.bugfix.chunk_deadlock' overriden (by mods [c2me]) to 'false'
[06:40:10] [main/INFO]: Applying Nashorn fix
[06:40:10] [main/INFO]: Packet Fixer forge 1.20.5-1.21.X has been applied successfully.
[06:40:10] [main/WARN]: Reference map 'pickupnotifier.fabric.refmap.json' for pickupnotifier.fabric.mixins.json could not be read. If this is a development environment you can ignore this message
[06:40:10] [main/WARN]: Reference map 'supermartijn642corelib.mixins.refmap.json' for supermartijn642corelib.mixins.json could not be read. If this is a development environment you can ignore this message
[06:40:10] [main/WARN]: Reference map 'tiny_config-common-common-refmap.json' for tiny_config.mixins.json could not be read. If this is a development environment you can ignore this message
[06:40:10] [main/WARN]: Reference map 'visualworkbench.fabric.refmap.json' for visualworkbench.fabric.mixins.json could not be read. If this is a development environment you can ignore this message
[06:40:10] [main/WARN]: Reference map 'yet_another_config_lib_v3.refmap.json' for yacl.mixins.json could not be read. If this is a development environment you can ignore this message
[06:40:10] [main/WARN]: Reference map 'yet_another_config_lib_v3.refmap.json' for yacl-fabric.mixins.json could not be read. If this is a development environment you can ignore this message
[06:40:12] [main/WARN]: Error loading class: ca/spottedleaf/starlight/common/thread/SchedulingUtil (java.lang.ClassNotFoundException: ca/spottedleaf/starlight/common/thread/SchedulingUtil)
[06:40:12] [main/WARN]: Error loading class: com/tom/storagemod/block/entity/StorageTerminalBlockEntity (java.lang.ClassNotFoundException: com/tom/storagemod/block/entity/StorageTerminalBlockEntity)
[06:40:12] [main/WARN]: Error loading class: traben/entity_model_features/models/animation/EMFAnimationEntityContext (java.lang.ClassNotFoundException: traben/entity_model_features/models/animation/EMFAnimationEntityContext)
[06:40:12] [main/WARN]: Error loading class: com/electronwill/nightconfig/core/io/IoUtils (java.lang.ClassNotFoundException: com/electronwill/nightconfig/core/io/IoUtils)
[06:40:12] [main/WARN]: Error loading class: net/minecraft/class_525 (java.lang.ClassNotFoundException: net/minecraft/class_525)
[06:40:12] [main/WARN]: @Mixin target net.minecraft.class_525 was not found moonlight.mixins.json:CreateWorldScreenMixin from mod moonlight
[06:40:12] [main/WARN]: Error loading class: net/minecraft/class_287 (java.lang.ClassNotFoundException: net/minecraft/class_287)
[06:40:12] [main/WARN]: @Mixin target net.minecraft.class_287 was not found owo.mixins.json:BufferBuilderAccessor from mod owo
[06:40:12] [main/WARN]: Error loading class: net/minecraft/class_437 (java.lang.ClassNotFoundException: net/minecraft/class_437)
[06:40:12] [main/WARN]: @Mixin target net.minecraft.class_437 was not found owo.mixins.json:ScreenAccessor from mod owo
[06:40:12] [main/WARN]: Error loading class: net/minecraft/class_7766 (java.lang.ClassNotFoundException: net/minecraft/class_7766)
[06:40:12] [main/WARN]: @Mixin target net.minecraft.class_7766 was not found pointblank.fabric.mixins.json:SpriteLoaderMixin from mod pointblank
[06:40:12] [main/WARN]: Error loading class: me/jellysquid/mods/sodium/client/render/chunk/compile/pipeline/FluidRenderer (java.lang.ClassNotFoundException: me/jellysquid/mods/sodium/client/render/chunk/compile/pipeline/FluidRenderer)
[06:40:12] [main/WARN]: Error loading class: com/simibubi/create/content/kinetics/base/BlockBreakingKineticBlockEntity (java.lang.ClassNotFoundException: com/simibubi/create/content/kinetics/base/BlockBreakingKineticBlockEntity)
[06:40:13] [main/WARN]: Error loading class: jeresources/api/util/BiomeHelper (java.lang.ClassNotFoundException: jeresources/api/util/BiomeHelper)
[06:40:13] [main/WARN]: Error loading class: yalter/mousetweaks/Main (java.lang.ClassNotFoundException: yalter/mousetweaks/Main)
[06:40:13] [main/INFO]: Initializing MixinExtras via com.llamalad7.mixinextras.service.MixinExtrasServiceImpl(version=0.5.0).
[06:40:14] [main/WARN]: @Inject(@At("INVOKE")) Shift.BY=1 on crittersandcompanions.mixins.json:LivingEntityMixin from mod crittersandcompanions::handler$bhd000$crittersandcompanions$onDie exceeds the maximum allowed value: 0. Increase the value of maxShiftBy to suppress this warning.
[06:40:16] [main/WARN]: Static binding violation: PRIVATE @Overwrite method method_21740 in modernfix-common.mixins.json:perf.remove_biome_temperature_cache.BiomeMixin from mod modernfix cannot reduce visibiliy of PUBLIC target method, visibility will be upgraded.
[06:40:19] [main/INFO]: Added new enum to class net.minecraft.class_1690$class_1692: FISHOFTHIEVES_COCONUT|fishofthieves_coconut
[06:40:20] [main/INFO]: Vanilla bootstrap took 6734 milliseconds
[06:40:20] [main/WARN]: @ModifyConstant conflict. Skipping packetfixer.v1_20_5.fabric.mixins.json:v1_20_5_fabric.ServerCommonPacketListenerImplMixin from mod packetfixer->@ModifyConstant::packetfixer$tick$1(J)J with priority 1000, already redirected by connectivity.mixins.json:ServerPlayNetHandlerMixin from mod connectivity->@ModifyConstant::playTimeout(J)J with priority 1001
[06:40:20] [main/INFO]: Registering Listeners!
[06:40:20] [main/INFO]: Initializing platform helper for Advanced Netherite!
[06:40:21] [main/INFO]: Loaded config amendments-common.json
[06:40:21] [main/INFO]: [Animal Feeding Trough] Load Complete! Enjoy :D
[06:40:21] [main/INFO]: Deserializing AOTAConfig from './config/armoroftheages.json'
[06:40:21] [main/ERROR]: No data fixer registered for artifacts:mimic
[06:40:21] [main/INFO]: Hello Fabric world!
[06:40:21] [main/INFO]: Registered azurelib config for auto-sync function
[06:40:21] [main/INFO]: Reflections took 44 ms to scan 1 urls, producing 1 keys and 2 values
[06:40:21] [main/INFO]: Reflections took 1 ms to scan 1 urls, producing 1 keys and 2 values
[06:40:21] [main/ERROR]: No data fixer registered for life_orb
[06:40:21] [main/ERROR]: No data fixer registered for thrown_life_bottle
[06:40:21] [main/INFO]: [STDOUT]: All 10 have been set properly
[06:40:21] [main/INFO]: Registering Villagers for chefsdelight
[06:40:21] [main/INFO]: Loaded config for: chunksending.json
[06:40:21] [main/INFO]: chunksending mod initialized
[06:40:21] [main/INFO]: Loading Collective version 8.13.
[06:40:21] [main/INFO]: Connectivity initialized
[06:40:21] [main/INFO]: fabric loader environment detected
[06:40:22] [main/ERROR]: No data fixer registered for jungle_creeper
[06:40:22] [main/ERROR]: No data fixer registered for bamboo_creeper
[06:40:22] [main/ERROR]: No data fixer registered for desert_creeper
[06:40:22] [main/ERROR]: No data fixer registered for badlands_creeper
[06:40:22] [main/ERROR]: No data fixer registered for hills_creeper
[06:40:22] [main/ERROR]: No data fixer registered for savannah_creeper
[06:40:22] [main/ERROR]: No data fixer registered for mushroom_creeper
[06:40:22] [main/ERROR]: No data fixer registered for swamp_creeper
[06:40:22] [main/ERROR]: No data fixer registered for dripstone_creeper
[06:40:22] [main/ERROR]: No data fixer registered for cave_creeper
[06:40:22] [main/ERROR]: No data fixer registered for dark_oak_creeper
[06:40:22] [main/ERROR]: No data fixer registered for spruce_creeper
[06:40:22] [main/ERROR]: No data fixer registered for beach_creeper
[06:40:22] [main/ERROR]: No data fixer registered for snowy_creeper
[06:40:22] [main/ERROR]: No data fixer registered for ocean_creeper
[06:40:22] [main/ERROR]: No data fixer registered for birch_creeper
[06:40:22] [main/ERROR]: No data fixer registered for dragonfly
[06:40:22] [main/ERROR]: No data fixer registered for dumbo_octopus
[06:40:22] [main/ERROR]: No data fixer registered for ferret
[06:40:22] [main/ERROR]: No data fixer registered for jumping_spider
[06:40:22] [main/ERROR]: No data fixer registered for koi_fish
[06:40:22] [main/ERROR]: No data fixer registered for leaf_insect
[06:40:22] [main/ERROR]: No data fixer registered for otter
[06:40:22] [main/ERROR]: No data fixer registered for red_panda
[06:40:22] [main/ERROR]: No data fixer registered for sea_bunny
[06:40:22] [main/ERROR]: No data fixer registered for shima_enaga
[06:40:22] [main/INFO]: Loaded config for: cupboard.json
[06:40:22] [main/INFO]: Dangerous Fabric mod initializing…
[06:40:22] [main/INFO]: [Dangerous] SkeletonWeaponManager Fabric events registered
[06:40:22] [main/INFO]: [Dangerous] IllagerWeaponManager Fabric events registered
[06:40:22] [main/INFO]: [Dangerous] MobDeathHandler (drop filter mixin) active
[06:40:22] [main/ERROR]: No data fixer registered for chair
[06:40:22] [main/ERROR]: No data fixer registered for deeperdarker:angler_fish
[06:40:22] [main/ERROR]: No data fixer registered for deeperdarker:sculk_centipede
[06:40:22] [main/ERROR]: No data fixer registered for deeperdarker:sculk_leech
[06:40:22] [main/ERROR]: No data fixer registered for deeperdarker:sculk_snapper
[06:40:22] [main/ERROR]: No data fixer registered for deeperdarker:shattered
[06:40:22] [main/ERROR]: No data fixer registered for deeperdarker:shriek_worm
[06:40:22] [main/ERROR]: No data fixer registered for deeperdarker:sludge
[06:40:22] [main/ERROR]: No data fixer registered for deeperdarker:stalker
[06:40:22] [main/ERROR]: No data fixer registered for crystallized_amber
[06:40:22] [main/ERROR]: No data fixer registered for sculk_jaw
[06:40:22] [main/INFO]: Constructing common components for diagonalblocks:main
[06:40:22] [main/INFO]: Constructing common components for diagonalfences:main
[06:40:23] [main/INFO]: Constructing shapes for DiagonalFenceBlock[NodeWidth=2.0,ExtensionWidth=2.0,NodeTop=24.0,ExtensionBottom=0.0,ExtensionTop=24.0] took 201ms
[06:40:23] [main/INFO]: Constructing shapes for DiagonalFenceBlock[NodeWidth=2.0,ExtensionWidth=2.0,NodeTop=16.0,ExtensionBottom=0.0,ExtensionTop=16.0] took 44ms
[06:40:23] [main/INFO]: Constructing shapes for DiagonalFenceBlock[NodeWidth=2.0,ExtensionWidth=1.0,NodeTop=16.0,ExtensionBottom=6.0,ExtensionTop=15.0] took 94ms
[06:40:23] [main/INFO]: Constructing common components for diagonalwalls:main
[06:40:23] [main/INFO]: Constructing shapes for DiagonalWallBlock[NodeWidth=0.0,ExtensionWidth=3.0,NodeTop=24.0,ExtensionBottom=0.0,ExtensionTop=24.0] took 27ms
[06:40:23] [main/INFO]: Constructing shapes for DiagonalWallBlock[NodeWidth=0.0,ExtensionWidth=3.0,NodeTop=0.0,ExtensionBottom=0.0,ExtensionTop=14.0] took 57ms
[06:40:23] [main/INFO]: Constructing shapes for DiagonalWallBlock[NodeWidth=4.0,ExtensionWidth=3.0,NodeTop=16.0,ExtensionBottom=0.0,ExtensionTop=14.0] took 80ms
[06:40:23] [main/INFO]: Constructing shapes for DiagonalWallBlock[NodeWidth=4.0,ExtensionWidth=3.0,NodeTop=24.0,ExtensionBottom=0.0,ExtensionTop=24.0] took 25ms
[06:40:23] [main/INFO]: Constructing common components for easyanvils:main
[06:40:23] [main/INFO]: Dispatching loading event for config easyanvils-common.toml
[06:40:23] [main/INFO]: Constructing common components for easymagic:main
[06:40:23] [main/INFO]: Dispatching loading event for config easymagic-common.toml
[06:40:23] [main/INFO]: Constructing common components for easyshulkerboxes:main
[06:40:23] [main/ERROR]: No data fixer registered for coconut_crab
[06:40:23] [main/ERROR]: No data fixer registered for penguin
[06:40:24] [main/ERROR]: No data fixer registered for squirrel
[06:40:24] [main/INFO]: ExpandAbility here, who dis?
[06:40:25] [main/INFO]: Loaded config from /workspaces/bug-prealpha1/servidor_minecraft/config/pandalib/pandalib_config.json
[06:40:25] [main/INFO]: Loaded config from /workspaces/bug-prealpha1/servidor_minecraft/config/fallingtrees/client.json
[06:40:25] [main/INFO]: Loaded config from /workspaces/bug-prealpha1/servidor_minecraft/config/fallingtrees/common.json
[06:40:25] [main/INFO]: Registering fallingtrees:generic to ResourceKey[minecraft:root / fallingtrees:tree_registry]
[06:40:25] [main/INFO]: Registering fallingtrees:vertical to ResourceKey[minecraft:root / fallingtrees:tree_registry]
[06:40:25] [main/INFO]: Registering fallingtrees:chorus to ResourceKey[minecraft:root / fallingtrees:tree_registry]
[06:40:25] [main/INFO]: Registering fallingtrees:mushroom to ResourceKey[minecraft:root / fallingtrees:tree_registry]
[06:40:25] [main/INFO]: Registering fallingtrees:tree_fall to ResourceKey[minecraft:root / minecraft:sound_event]
[06:40:25] [main/INFO]: Registering fallingtrees:tree_impact to ResourceKey[minecraft:root / minecraft:sound_event]
[06:40:25] [main/INFO]: Registering fallingtrees:tree to ResourceKey[minecraft:root / minecraft:entity_type]
[06:40:25] [main/INFO]: Registering fallingtrees:block_map to ResourceKey[minecraft:root / pandalib:entity_data_serializers]
[06:40:25] [main/INFO]: Registering fallingtrees:item_list to ResourceKey[minecraft:root / pandalib:entity_data_serializers]
[06:40:25] [main/INFO]: Loaded config farmersdelight-common.json
[06:40:25] [main/INFO]: Constructing common components for fastitemframes:main
[06:40:26] [main/INFO]: Registering Block
[06:40:26] [main/INFO]: Registering Item
[06:40:26] [main/INFO]: Registering Item Sub Predicate
[06:40:26] [main/INFO]: Registering Block Entity
[06:40:26] [main/INFO]: Registering Sound Event
[06:40:26] [main/INFO]: Registering Entity
[06:40:26] [main/INFO]: Registering Sensor Type
[06:40:26] [main/INFO]: Registering Memory Module Type
[06:40:26] [main/INFO]: Registering Feature
[06:40:26] [main/INFO]: Registering Trunk Placer Type
[06:40:26] [main/INFO]: Registering Tree Decorator Type
[06:40:26] [main/INFO]: Registering Trigger Type
[06:40:26] [main/INFO]: Registering Block State Provider Type
[06:40:26] [main/INFO]: Registering Block Predicate Type
[06:40:26] [main/INFO]: Registering Loot Pool Entry Type
[06:40:26] [main/INFO]: Registering Structure Type
[06:40:26] [main/INFO]: Registering Structure Piece Type
[06:40:26] [main/INFO]: Registering Entity Data Serializer
[06:40:26] [main/INFO]: Registering Loot Item Condition
[06:40:26] [main/INFO]: Registering Trigger Type
[06:40:26] [main/INFO]: Registering Entity Sub Predicate
[06:40:26] [main/INFO]: Registering Mob Effect
[06:40:26] [main/INFO]: Registering Placement Modifier
[06:40:26] [main/INFO]: Registering Surface Rule Condition Source
[06:40:26] [main/INFO]: Registering Poi Types
[06:40:26] [main/INFO]: Registering Map Decoration Types
[06:40:26] [main/INFO]: Registering Loot Item Function
[06:40:26] [main/INFO]: Reflections took 210 ms to scan 1 urls, producing 9 keys and 76 values
[06:40:26] [main/ERROR]: No data fixer registered for seat
[06:40:27] [main/ERROR]: No data fixer registered for furnitureexpanded:seat
[06:40:27] [main/INFO]: Register Mod Items for gamingfurniture
[06:40:27] [main/INFO]: Register Mod Blocks for gamingfurniture
[06:40:27] [main/INFO]: Registering Item Groups forgamingfurniture
[06:40:27] [main/INFO]: Registered synced config with path sereneseasons/fertility.toml
[06:40:27] [main/INFO]: Registered synced config with path sereneseasons/seasons.toml
[06:40:27] [main/ERROR]: No data fixer registered for biomesoplenty:boat
[06:40:27] [main/ERROR]: No data fixer registered for biomesoplenty:chest_boat
[06:40:27] [main/ERROR]: No data fixer registered for anomaly
[06:40:27] [main/ERROR]: No data fixer registered for season_sensor
[06:40:27] [main/ERROR]: No data fixer registered for handcrafted
[06:40:27] [main/INFO]: Constructing common components for iteminteractions:main
[06:40:27] [main/INFO]: Registering configs
[06:40:27] [main/INFO]: Registering blocks
[06:40:27] [main/INFO]: Registering items
[06:40:27] [main/INFO]: Registering item groups
[06:40:27] [main/INFO]: Registering tags
[06:40:27] [main/INFO]: Registering entities
[06:40:27] [main/INFO]: Registering server event handlers
[06:40:27] [main/INFO]: Initializing JamLib on Fabric
[06:40:27] [main/INFO]: Registering Mod Blocks for js_furniture_mod
[06:40:27] [main/INFO]: Registering Mod Items for js_furniture_mod
[06:40:27] [main/INFO]: Registering Item Groups for js_furniture_mod
[06:40:27] [main/INFO]: Registering Mod Entities for js_furniture_mod
[06:40:27] [main/INFO]: Registering Mod Entities for js_furniture_mod
[06:40:27] [main/INFO]: Initialize mod Library Ferret
[06:40:27] [main/INFO]: Initialized mod Library Ferret
[06:40:27] [main/INFO]: Loaded FabricRegistrationFactory for service Factory
[06:40:27] [main/INFO]: Loaded FabricPlatformHelper for service IPlatformHelper
[06:40:27] [main/ERROR]: No data fixer registered for livingthings:elephant
[06:40:27] [main/ERROR]: No data fixer registered for livingthings:giraffe
[06:40:27] [main/ERROR]: No data fixer registered for livingthings:lion
[06:40:27] [main/ERROR]: No data fixer registered for livingthings:shark
[06:40:27] [main/ERROR]: No data fixer registered for livingthings:penguin
[06:40:27] [main/ERROR]: No data fixer registered for livingthings:ostrich
[06:40:27] [main/ERROR]: No data fixer registered for livingthings:flamingo
[06:40:27] [main/ERROR]: No data fixer registered for livingthings:crab
[06:40:27] [main/ERROR]: No data fixer registered for livingthings:mantaray
[06:40:27] [main/ERROR]: No data fixer registered for livingthings:raccoon
[06:40:27] [main/ERROR]: No data fixer registered for livingthings:owl
[06:40:27] [main/ERROR]: No data fixer registered for livingthings:ancient_blaze
[06:40:27] [main/ERROR]: No data fixer registered for livingthings:koala
[06:40:27] [main/ERROR]: No data fixer registered for livingthings:snail
[06:40:27] [main/ERROR]: No data fixer registered for livingthings:monkey
[06:40:27] [main/ERROR]: No data fixer registered for livingthings:nether_knight
[06:40:27] [main/ERROR]: No data fixer registered for livingthings:shroomie
[06:40:27] [main/ERROR]: No data fixer registered for livingthings:seahorse
[06:40:27] [main/ERROR]: No data fixer registered for livingthings:baby_ender_dragon
[06:40:27] [main/ERROR]: No data fixer registered for livingthings:peacock
[06:40:27] [main/ERROR]: No data fixer registered for livingthings:thrown_ostrich_egg
[06:40:27] [main/INFO]: Config 'livingthings.json' was successfully loaded.
[06:40:27] [main/INFO]: Config 'penguin.json' was successfully loaded.
[06:40:27] [main/INFO]: Config 'elephant.json' was successfully loaded.
[06:40:27] [main/INFO]: Config 'giraffe.json' was successfully loaded.
[06:40:27] [main/INFO]: Config 'lion.json' was successfully loaded.
[06:40:27] [main/INFO]: Config 'shark.json' was successfully loaded.
[06:40:28] [main/INFO]: Config 'ostrich.json' was successfully loaded.
[06:40:28] [main/INFO]: Config 'flamingo.json' was successfully loaded.
[06:40:28] [main/INFO]: Config 'crab.json' was successfully loaded.
[06:40:28] [main/INFO]: Config 'mantaray.json' was successfully loaded.
[06:40:28] [main/INFO]: Config 'raccoon.json' was successfully loaded.
[06:40:28] [main/INFO]: Config 'owl.json' was successfully loaded.
[06:40:28] [main/INFO]: Config 'ancient_blaze.json' was successfully loaded.
[06:40:28] [main/INFO]: Config 'koala.json' was successfully loaded.
[06:40:28] [main/INFO]: Config 'snail.json' was successfully loaded.
[06:40:28] [main/INFO]: Config 'monkey.json' was successfully loaded.
[06:40:28] [main/INFO]: Config 'nether_knight.json' was successfully loaded.
[06:40:28] [main/INFO]: Config 'shroomie.json' was successfully loaded.
[06:40:28] [main/INFO]: Config 'seahorse.json' was successfully loaded.
[06:40:28] [main/INFO]: Config 'baby_ender_dragon.json' was successfully loaded.
[06:40:28] [main/INFO]: Config 'peacock.json' was successfully loaded.
[06:40:28] [main/INFO]: Registering MobAttributes
[06:40:28] [main/INFO]: Registering SpawnPlacements
[06:40:28] [main/ERROR]: No data fixer registered for mca:male_villager
[06:40:28] [main/ERROR]: No data fixer registered for mca:female_villager
[06:40:28] [main/ERROR]: No data fixer registered for mca:male_zombie_villager
[06:40:28] [main/ERROR]: No data fixer registered for mca:female_zombie_villager
[06:40:28] [main/ERROR]: No data fixer registered for mca:grim_reaper
[06:40:28] [main/ERROR]: No data fixer registered for mca:crib
[06:40:28] [main/INFO]: Definitely not up to no good
[06:40:28] [main/INFO]: Registered mobs_of_mythology config for auto-sync function
[06:40:28] [main/ERROR]: No data fixer registered for mobs_of_mythology:automaton
[06:40:28] [main/ERROR]: No data fixer registered for mobs_of_mythology:chupacabra
[06:40:28] [main/ERROR]: No data fixer registered for mobs_of_mythology:kobold
[06:40:28] [main/ERROR]: No data fixer registered for mobs_of_mythology:kobold_warrior
[06:40:28] [main/ERROR]: No data fixer registered for mobs_of_mythology:drake
[06:40:28] [main/ERROR]: No data fixer registered for mobs_of_mythology:sporeling
[06:40:28] [main/ERROR]: No data fixer registered for mobs_of_mythology:basilisk
[06:40:28] [main/ERROR]: No data fixer registered for mobs_of_mythology:pegasus
[06:40:28] [main/INFO]: [STDOUT]: No matching files were found.
[06:40:28] [main/INFO]: Loaded config moonlight-common.json
[06:40:28] [main/INFO]: Loading Noisium.
[06:40:28] [main/INFO]: Hello Fabric world!
[06:40:28] [main/INFO]: Jello was 126 years old when we added this line
[06:40:28] [main/INFO]: Constructing common components for pickupnotifier:main
[06:40:28] [main/INFO]: [Ping-Wheel] Init
[06:40:28] [main/INFO]: [Ping-Wheel] Loaded ServerConfig(defaultChannelMode=auto, playerTrackingEnabled=true, msToRegenerate=1000, rateLimit=5)
[06:40:28] [main/INFO]: Loading mod pointblank
[06:40:28] [main/INFO]: [STDERR]: java.nio.file.NoSuchFileException: /workspaces/bug-prealpha1/servidor_minecraft/pointblank
[06:40:28] [main/INFO]: [STDERR]: 	at java.base/sun.nio.fs.UnixException.translateToIOException(UnixException.java:92)
[06:40:28] [main/INFO]: [STDERR]: 	at java.base/sun.nio.fs.UnixException.asIOException(UnixException.java:115)
[06:40:28] [main/INFO]: [STDERR]: 	at java.base/sun.nio.fs.UnixFileSystemProvider.newDirectoryStream(UnixFileSystemProvider.java:501)
[06:40:28] [main/INFO]: [STDERR]: 	at java.base/java.nio.file.Files.newDirectoryStream(Files.java:482)
[06:40:28] [main/INFO]: [STDERR]: 	at knot//com.vicmatskiv.pointblank.registry.ExtensionRegistry.scanExtensions(ExtensionRegistry.java:426)
[06:40:28] [main/INFO]: [STDERR]: 	at knot//com.vicmatskiv.pointblank.registry.ExtensionRegistry.discoverExtensions(ExtensionRegistry.java:263)
[06:40:28] [main/INFO]: [STDERR]: 	at knot//com.vicmatskiv.pointblank.PointBlankInitializer.init(PointBlankInitializer.java:37)
[06:40:28] [main/INFO]: [STDERR]: 	at knot//com.vicmatskiv.pointblank.PointBlankMod.onInitialize(PointBlankMod.java:9)
[06:40:28] [main/INFO]: [STDERR]: 	at net.fabricmc.loader.impl.FabricLoaderImpl.invokeEntrypoints(FabricLoaderImpl.java:405)
[06:40:28] [main/INFO]: [STDERR]: 	at net.fabricmc.loader.impl.game.minecraft.Hooks.startServer(Hooks.java:63)
[06:40:28] [main/INFO]: [STDERR]: 	at knot//net.minecraft.server.Main.main(Main.java:111)
[06:40:28] [main/INFO]: [STDERR]: 	at net.fabricmc.loader.impl.game.minecraft.MinecraftGameProvider.launch(MinecraftGameProvider.java:514)
[06:40:28] [main/INFO]: [STDERR]: 	at net.fabricmc.loader.impl.launch.knot.Knot.launch(Knot.java:72)
[06:40:28] [main/INFO]: [STDERR]: 	at net.fabricmc.loader.impl.launch.knot.KnotServer.main(KnotServer.java:23)
[06:40:28] [main/INFO]: [STDERR]: 	at net.fabricmc.loader.impl.launch.server.FabricServerLauncher.main(FabricServerLauncher.java:69)
[06:40:28] [main/ERROR]: No data fixer registered for javelin_rocket
[06:40:28] [main/ERROR]: No data fixer registered for grenade
[06:40:28] [main/ERROR]: No data fixer registered for at4_rocket
[06:40:28] [main/ERROR]: No data fixer registered for grenade40mm
[06:40:28] [main/ERROR]: No data fixer registered for grenade20mm
[06:40:28] [main/ERROR]: No data fixer registered for smaw_rocket
[06:40:28] [main/INFO]: Constructing common components for puzzleslib:main
[06:40:29] [main/INFO]: Registering C2S receiver with id quickskin:upload_texture
[06:40:29] [main/INFO]: Registering C2S receiver with id quickskin:update_appearance
[06:40:29] [main/INFO]: Registering C2S receiver with id quickskin:request_texture
[06:40:29] [main/INFO]: Registering C2S receiver with id quickskin:texture_chunk
[06:40:29] [main/INFO]: Registering C2S receiver with id quickskin:upload_animation_metadata
[06:40:29] [main/INFO]: Registering C2S receiver with id quickskin:update_server_config
[06:40:29] [main/INFO]: Registered synced data key refurbished_furniture:lock_yaw for refurbished_furniture:seat
[06:40:29] [main/INFO]: Updated config file at /workspaces/bug-prealpha1/servidor_minecraft/config/rightclickharvest.json5
[06:40:29] [main/INFO]: Initializing Right Click Harvest on FABRIC
[06:40:29] [main/INFO]: Registering items for rusticdelight
[06:40:29] [main/INFO]: Registering blocks for rusticdelight
[06:40:29] [main/INFO]: Registering potions for rusticdelight
[06:40:29] [main/INFO]: Registering biome modifications for rusticdelight
[06:40:29] [main/INFO]: Registering placement modifiers for rusticdelight
[06:40:29] [main/INFO]: Registering item group for rusticdelight
[06:40:29] [main/INFO]: [ServerCore] Loaded V1.5.10+1.21.1!
[06:40:29] [main/INFO]: Initializing Silk
[06:40:29] [main/INFO]: Backported spears!
[06:40:29] [main/INFO]: Loaded config supplementaries-common.json
[06:40:29] [main/INFO]: Deserializing ItTakesPillageConfig from 'config/takesapillage.json'
[06:40:29] [main/INFO]: Registered region minecraft:overworld to index 0 for type OVERWORLD
[06:40:29] [main/INFO]: Registered region minecraft:nether to index 0 for type NETHER
[06:40:29] [main/INFO]: Registered region biomesoplenty:overworld_primary to index 1 for type OVERWORLD
[06:40:29] [main/INFO]: Registered region biomesoplenty:overworld_secondary to index 2 for type OVERWORLD
[06:40:29] [main/INFO]: Registered region biomesoplenty:overworld_rare to index 3 for type OVERWORLD
[06:40:29] [main/INFO]: Registered region biomesoplenty:nether_common to index 1 for type NETHER
[06:40:29] [main/INFO]: Registered region biomesoplenty:nether_rare to index 2 for type NETHER
[06:40:29] [main/INFO]: Registered region fishofthieves:tropical_island to index 4 for type OVERWORLD
[06:40:29] [main/INFO]: Registered region vanillabackport:overworld to index 5 for type OVERWORLD
[06:40:29] [main/INFO]: Constructing common components for tinyskeletons:main
[06:40:29] [main/ERROR]: No data fixer registered for baby_skeleton
[06:40:29] [main/ERROR]: No data fixer registered for baby_wither_skeleton
[06:40:29] [main/ERROR]: No data fixer registered for baby_stray
[06:40:29] [main/ERROR]: No data fixer registered for baby_bogged
[06:40:29] [main/ERROR]: No data fixer registered for mushroom
[06:40:30] [main/ERROR]: No data fixer registered for 
[06:40:30] [main/INFO]: Registered the FluidEffect with Unique ID of minecraft:water for Water (Fluid Amount Required: 81000) with the ID 0
[06:40:30] [main/INFO]: Registered the FluidEffect with Unique ID of minecraft:lava for Lava (Fluid Amount Required: 81000) with the ID 1
[06:40:30] [main/INFO]: Registered the FluidEffect with Unique ID of travelersbackpack:potion for block.travelersbackpack.potion_still (Fluid Amount Required: 27000) with the ID 2
[06:40:30] [main/INFO]: Registered the FluidEffect with Unique ID of minecraft:milk for Air (Fluid Amount Required: 81000) with the ID 3
[06:40:30] [main/INFO]: [STDOUT]: TxniLib onInitialize!
[06:40:30] [main/ERROR]: No data fixer registered for creaking
[06:40:30] [main/ERROR]: No data fixer registered for happy_ghast
[06:40:30] [main/ERROR]: No data fixer registered for pale_oak_boat
[06:40:30] [main/ERROR]: No data fixer registered for pale_oak_chest_boat
[06:40:30] [main/INFO]: Deserializing VariantsAndVenturesConfig from 'config/variantsandventures.json'
[06:40:30] [main/INFO]: Veinminer Version: 2.4.2 (fabric)
[06:40:31] [main/INFO]: [Collective] JSON file 'entity_names.json' generation requested by mod 'villagernames'.
[06:40:31] [main/INFO]: Constructing common components for visualworkbench:main
[06:40:31] [main/INFO]: Dispatching loading event for config visualworkbench-common.toml
[06:40:31] [main/INFO]: [voicechat] Compatibility version 20
[06:40:31] [main/INFO]: [voicechat] Loading plugins
[06:40:31] [main/INFO]: [voicechat] Loaded 2 plugin(s)
[06:40:31] [main/INFO]: [voicechat] Initializing plugins
[06:40:31] [main/INFO]: [voicechat] Initialized 2 plugin(s)
[06:40:31] [main/INFO]: [voicechat] Registering events for 'pingwheel'
[06:40:31] [main/INFO]: [voicechat] Registering events for 'vcinteraction'
[06:40:31] [DefaultDispatcher-worker-3/INFO]: [STDOUT]: [VeinminerUpdater] veinminer is up to date
[06:40:31] [main/INFO]: [STDOUT]: Initialize WeaponMaster
[06:40:31] [main/ERROR]: No data fixer registered for wildernature:termite
[06:40:31] [main/ERROR]: No data fixer registered for wildernature:bison
[06:40:31] [main/ERROR]: No data fixer registered for wildernature:boar
[06:40:31] [main/ERROR]: No data fixer registered for wildernature:cassowary
[06:40:31] [main/ERROR]: No data fixer registered for wildernature:deer
[06:40:31] [main/ERROR]: No data fixer registered for wildernature:dog
[06:40:31] [main/ERROR]: No data fixer registered for wildernature:flamingo
[06:40:31] [main/ERROR]: No data fixer registered for wildernature:hedgehog
[06:40:31] [main/ERROR]: No data fixer registered for wildernature:minisheep
[06:40:31] [main/ERROR]: No data fixer registered for wildernature:owl
[06:40:31] [main/ERROR]: No data fixer registered for wildernature:pelican
[06:40:31] [main/ERROR]: No data fixer registered for wildernature:penguin
[06:40:31] [main/ERROR]: No data fixer registered for wildernature:raccoon
[06:40:31] [main/ERROR]: No data fixer registered for wildernature:red_wolf
[06:40:31] [main/ERROR]: No data fixer registered for wildernature:squirrel
[06:40:31] [main/ERROR]: No data fixer registered for wildernature:turkey
[06:40:31] [main/ERROR]: No data fixer registered for wildernature:bullet
[06:40:31] [main/INFO]: Got request to register class com.sk89q.worldedit.fabric.FabricPlatform with WorldEdit [com.sk89q.worldedit.extension.platform.PlatformManager@716e44fe]
[06:40:31] [main/INFO]: WorldEdit for Fabric (version 7.3.8+6939-7d32b45) is loaded
[06:40:32] [main/INFO]: Reflections took 7 ms to scan 1 urls, producing 1 keys and 3 values
[06:40:32] [main/INFO]: Reflections took 3 ms to scan 1 urls, producing 1 keys and 3 values
[06:40:32] [main/ERROR]: No data fixer registered for medium_dragon_fireball
[06:40:32] [main/ERROR]: No data fixer registered for medium_fireball
[06:40:32] [main/ERROR]: No data fixer registered for falling_lantern
[06:40:32] [main/ERROR]: No data fixer registered for dispenser_minecart
[06:40:32] [main/ERROR]: No data fixer registered for plunderer
[06:40:32] [main/ERROR]: No data fixer registered for falling_urn
[06:40:32] [main/ERROR]: No data fixer registered for falling_ash
[06:40:32] [main/ERROR]: No data fixer registered for falling_sack
[06:40:32] [main/ERROR]: No data fixer registered for brick_projectile
[06:40:32] [main/ERROR]: No data fixer registered for slimeball_projectile
[06:40:32] [main/ERROR]: No data fixer registered for bomb
[06:40:32] [main/ERROR]: No data fixer registered for cannonball
[06:40:32] [main/ERROR]: No data fixer registered for rope_arrow
[06:40:32] [main/ERROR]: No data fixer registered for slingshot_projectile
[06:40:32] [main/ERROR]: No data fixer registered for cannon_boat
[06:40:32] [main/INFO]: Initialized block sets in 86ms
[06:40:32] [main/INFO]: Loaded config amendments-client.json
[06:40:32] [main/INFO]: Initialized color sets in 61ms
[06:40:32] [main/INFO]: Finished mod setup in: [0, 0, 0, 0, 0, 0] ms
[06:40:33] [main/ERROR]: Registry 'minecraft:wolf_sound_variant' was empty after loading
[06:40:33] [main/ERROR]: Registry 'minecraft:cow_variant' was empty after loading
[06:40:33] [main/ERROR]: Registry 'minecraft:chicken_variant' was empty after loading
[06:40:33] [main/ERROR]: Registry 'minecraft:pig_variant' was empty after loading
[06:40:33] [main/ERROR]: Registry 'vanillabackport:frog_variant' was empty after loading
[06:40:33] [main/ERROR]: Registry 'vanillabackport:wolf_variant' was empty after loading
[06:40:33] [main/ERROR]: Registry 'vanillabackport:cat_variant' was empty after loading
[06:40:33] [main/INFO]: Environment: Environment[sessionHost=https://sessionserver.mojang.com, servicesHost=https://api.minecraftservices.com, name=PROD]
[06:40:33] [main/INFO]: Added new enum to class net.minecraft.class_4284: FISHOFTHIEVES_SAVED_BAIT_PRESERVE
[06:40:33] [main/INFO]: Resource cache state for SERVER_DATA: up to date
[06:40:33] [main/INFO]: Populated search tree for pack at /workspaces/bug-prealpha1/servidor_minecraft/dynamic-data-pack-cache/supplementaries-generated_pack in 4.393 ms
[06:40:33] [main/INFO]: Starting runtime resource generation for pack type SERVER_DATA with generators [supplementaries:generated_pack]
[06:40:33] [main/INFO]: Skipping regeneration for Dynamic SERVER_DATA Resources Provider [supplementaries:generated_pack] (cache up-to-date)
[06:40:33] [main/INFO]: Finished runtime resources generation for 1 packs in a total of 5.469 ms 
[06:40:34] [main/INFO]: StructureSet modified for minecraft:village : Now using custom village configuration (can be disabled in the better villages config: boolean.villages.enabled_custom_config).
[06:40:36] [Worker-Main-3/WARN]: Found loot table element validation problem in {minecraft:loot_table/minecraft:chests/pillager_outpost}.pools[8].entries[0]: Unknown loot table called supplementaries:inject/pillager_quiver
[06:40:36] [Worker-Main-3/WARN]: Found loot table element validation problem in {minecraft:loot_table/supplementaries:loot/galleon/safe}.pools[0].entries[3]: Unreachable entry!
[06:40:36] [Worker-Main-3/WARN]: Found loot table element validation problem in {minecraft:loot_table/supplementaries:loot/galleon/safe}.pools[2].entries[1]: Unreachable entry!
[06:40:36] [Worker-Main-3/WARN]: Found loot table element validation problem in {minecraft:loot_table/dungeons_arise:chests/illager_campsite/illager_campsite_tent}.pools[5].entries[0]->{minecraft:chests/pillager_outpost}.pools[8].entries[0]: Unknown loot table called supplementaries:inject/pillager_quiver
[06:40:36] [Worker-Main-3/WARN]: Found loot table element validation problem in {minecraft:loot_table/dungeons_arise:chests/illager_campsite/illager_campsite_map}.pools[7].entries[0]->{minecraft:chests/pillager_outpost}.pools[8].entries[0]: Unknown loot table called supplementaries:inject/pillager_quiver
[06:40:36] [Worker-Main-3/INFO]: Command '/livingthings' registered
[06:40:36] [Worker-Main-3/INFO]: Registering commands with com.sk89q.worldedit.fabric.FabricPlatform
[06:40:37] [Worker-Main-1/INFO]: Loaded config for: connectivity.json
[06:40:37] [Worker-Main-1/ERROR]: Couldn't read tag list minecraft:village_plains from minecraft:tags/worldgen/biome/village_plains.json in data pack mr_epic_structuresvillages
java.lang.IllegalStateException: Failed to parse either. First: Failed to deserialize object: Missing string key 'type'!; Second: Failed to parse either. First: Not a string: {"id":"regions_unexplored:regions_unexplored:rocky_meadow","required":false}; Second: Not a valid resource location: regions_unexplored:regions_unexplored:rocky_meadow Non [a-z0-9/._-] character in path of location: regions_unexplored:regions_unexplored:rocky_meadow; Failed to parse either. First: Failed to deserialize object: Missing string key 'type'!; Second: Failed to parse either. First: Not a string: {"id":"regions_unexplored:regions_unexplored:shrubland","required":false}; Second: Not a valid resource location: regions_unexplored:regions_unexplored:shrubland Non [a-z0-9/._-] character in path of location: regions_unexplored:regions_unexplored:shrubland
	at knot/com.mojang.serialization.DataResult$Error.md0faa87$owo$lambda$addStackTraceToException$0$0(DataResult.java:565) ~[datafixerupper-8.0.16.jar:?]
	at knot/com.mojang.serialization.DataResult$Error.getOrThrow(DataResult.java:287) ~[datafixerupper-8.0.16.jar:?]
	at knot/com.mojang.serialization.DataResult.getOrThrow(DataResult.java:81) ~[datafixerupper-8.0.16.jar:?]
	at knot/net.minecraft.class_3503.method_33174(class_3503.java:53) ~[server-intermediary.jar:?]
	at knot/net.minecraft.class_3503.method_33176(class_3503.java:128) ~[server-intermediary.jar:?]
	at knot/net.minecraft.class_3505.method_33181(class_3505.java:46) ~[server-intermediary.jar:?]
	at java.base/java.util.concurrent.CompletableFuture$AsyncSupply.run(CompletableFuture.java:1768) [?:?]
	at java.base/java.util.concurrent.CompletableFuture$AsyncSupply.exec(CompletableFuture.java:1760) [?:?]
	at java.base/java.util.concurrent.ForkJoinTask.doExec(ForkJoinTask.java:387) [?:?]
	at java.base/java.util.concurrent.ForkJoinPool$WorkQueue.topLevelExec(ForkJoinPool.java:1312) [?:?]
	at java.base/java.util.concurrent.ForkJoinPool.scan(ForkJoinPool.java:1843) [?:?]
	at java.base/java.util.concurrent.ForkJoinPool.runWorker(ForkJoinPool.java:1808) [?:?]
	at java.base/java.util.concurrent.ForkJoinWorkerThread.run(ForkJoinWorkerThread.java:188) [?:?]
[06:40:37] [Worker-Main-1/ERROR]: Couldn't read tag list minecraft:village_snowy from minecraft:tags/worldgen/biome/village_snowy.json in data pack mr_epic_structuresvillages
com.google.gson.JsonSyntaxException: com.google.gson.stream.MalformedJsonException: Expected ':' at line 8 column 8 path $.values[3].o
	at knot/com.google.gson.internal.Streams.parse(Streams.java:61) ~[gson-2.10.1.jar:?]
	at knot/com.google.gson.JsonParser.parseReader(JsonParser.java:102) ~[gson-2.10.1.jar:?]
	at knot/com.google.gson.JsonParser.parseReader(JsonParser.java:70) ~[gson-2.10.1.jar:?]
	at knot/net.minecraft.class_3503.method_33174(class_3503.java:51) ~[server-intermediary.jar:?]
	at knot/net.minecraft.class_3503.method_33176(class_3503.java:128) ~[server-intermediary.jar:?]
	at knot/net.minecraft.class_3505.method_33181(class_3505.java:46) ~[server-intermediary.jar:?]
	at java.base/java.util.concurrent.CompletableFuture$AsyncSupply.run(CompletableFuture.java:1768) [?:?]
	at java.base/java.util.concurrent.CompletableFuture$AsyncSupply.exec(CompletableFuture.java:1760) [?:?]
	at java.base/java.util.concurrent.ForkJoinTask.doExec(ForkJoinTask.java:387) [?:?]
	at java.base/java.util.concurrent.ForkJoinPool$WorkQueue.topLevelExec(ForkJoinPool.java:1312) [?:?]
	at java.base/java.util.concurrent.ForkJoinPool.scan(ForkJoinPool.java:1843) [?:?]
	at java.base/java.util.concurrent.ForkJoinPool.runWorker(ForkJoinPool.java:1808) [?:?]
	at java.base/java.util.concurrent.ForkJoinWorkerThread.run(ForkJoinWorkerThread.java:188) [?:?]
Caused by: com.google.gson.stream.MalformedJsonException: Expected ':' at line 8 column 8 path $.values[3].o
	at knot/com.google.gson.stream.JsonReader.syntaxError(JsonReader.java:1659) ~[gson-2.10.1.jar:?]
	at knot/com.google.gson.stream.JsonReader.doPeek(JsonReader.java:539) ~[gson-2.10.1.jar:?]
	at knot/com.google.gson.stream.JsonReader.peek(JsonReader.java:433) ~[gson-2.10.1.jar:?]
	at knot/com.google.gson.internal.bind.TypeAdapters$28.read(TypeAdapters.java:786) ~[gson-2.10.1.jar:?]
	at knot/com.google.gson.internal.bind.TypeAdapters$28.read(TypeAdapters.java:725) ~[gson-2.10.1.jar:?]
	at knot/com.google.gson.internal.Streams.parse(Streams.java:49) ~[gson-2.10.1.jar:?]
	... 12 more
[06:40:37] [Worker-Main-2/ERROR]: Couldn't load tag enderitemod:enderite_items as it is missing following references: enderitemod:enderite_spear (from spears)
[06:40:37] [main/ERROR]: Parsing error loading recipe minecraft:copper_spear
com.google.gson.JsonParseException: Unknown registry key in ResourceKey[minecraft:root / minecraft:item]: minecraft:copper_spear
	at knot/com.mojang.serialization.DataResult$Error.md0faa87$owo$lambda$addStackTraceToException$0$0(DataResult.java:565) ~[datafixerupper-8.0.16.jar:?]
	at knot/com.mojang.serialization.DataResult$Error.getOrThrow(DataResult.java:287) ~[datafixerupper-8.0.16.jar:?]
	at knot/net.minecraft.class_1863.method_20705(class_1863.java:62) ~[server-intermediary.jar:?]
	at knot/net.minecraft.class_1863.method_18788(class_1863.java:35) ~[server-intermediary.jar:?]
	at knot/net.minecraft.class_4080.method_18790(class_4080.java:13) ~[server-intermediary.jar:?]
	at java.base/java.util.concurrent.CompletableFuture$UniAccept.tryFire(CompletableFuture.java:718) ~[?:?]
	at java.base/java.util.concurrent.CompletableFuture$Completion.run(CompletableFuture.java:482) ~[?:?]
	at knot/net.minecraft.class_4014.method_18365(class_4014.java:69) ~[server-intermediary.jar:?]
	at knot/net.minecraft.class_156.method_43498(class_156.java:1024) [server-intermediary.jar:?]
	at knot/net.minecraft.class_156.method_43499(class_156.java:1012) [server-intermediary.jar:?]
	at knot/net.minecraft.server.Main.main(Main.java:182) [server-intermediary.jar:?]
	at net.fabricmc.loader.impl.game.minecraft.MinecraftGameProvider.launch(MinecraftGameProvider.java:514) [fabric-loader-0.18.4.jar:?]
	at net.fabricmc.loader.impl.launch.knot.Knot.launch(Knot.java:72) [fabric-loader-0.18.4.jar:?]
	at net.fabricmc.loader.impl.launch.knot.KnotServer.main(KnotServer.java:23) [fabric-loader-0.18.4.jar:?]
	at net.fabricmc.loader.impl.launch.server.FabricServerLauncher.main(FabricServerLauncher.java:69) [fabric-loader-0.18.4.jar:?]
[06:40:38] [main/ERROR]: Parsing error loading recipe enderitemod:enderite_spear
com.google.gson.JsonParseException: Unknown registry key in ResourceKey[minecraft:root / minecraft:item]: enderitemod:enderite_spear; Failed to parse either. First: Input does not contain a key [fabric:type]: MapLike[{"item":"enderitemod:enderite_ingot"}]; Second: Failed to parse either. First: Not a json array: {"item":"enderitemod:enderite_ingot"}; Second: No key tag in MapLike[{"item":"enderitemod:enderite_ingot"}]; Unknown registry key in ResourceKey[minecraft:root / minecraft:item]: enderitemod:enderite_ingot; Failed to parse either. First: Input does not contain a key [fabric:type]: MapLike[{"item":"enderitemod:enderite_upgrade_smithing_template"}]; Second: Failed to parse either. First: Not a json array: {"item":"enderitemod:enderite_upgrade_smithing_template"}; Second: No key tag in MapLike[{"item":"enderitemod:enderite_upgrade_smithing_template"}]; Unknown registry key in ResourceKey[minecraft:root / minecraft:item]: enderitemod:enderite_upgrade_smithing_template
	at knot/com.mojang.serialization.DataResult$Error.md0faa87$owo$lambda$addStackTraceToException$0$0(DataResult.java:565) ~[datafixerupper-8.0.16.jar:?]
	at knot/com.mojang.serialization.DataResult$Error.getOrThrow(DataResult.java:287) ~[datafixerupper-8.0.16.jar:?]
	at knot/net.minecraft.class_1863.method_20705(class_1863.java:62) ~[server-intermediary.jar:?]
	at knot/net.minecraft.class_1863.method_18788(class_1863.java:35) ~[server-intermediary.jar:?]
	at knot/net.minecraft.class_4080.method_18790(class_4080.java:13) ~[server-intermediary.jar:?]
	at java.base/java.util.concurrent.CompletableFuture$UniAccept.tryFire(CompletableFuture.java:718) ~[?:?]
	at java.base/java.util.concurrent.CompletableFuture$Completion.run(CompletableFuture.java:482) ~[?:?]
	at knot/net.minecraft.class_4014.method_18365(class_4014.java:69) ~[server-intermediary.jar:?]
	at knot/net.minecraft.class_156.method_43498(class_156.java:1024) [server-intermediary.jar:?]
	at knot/net.minecraft.class_156.method_43499(class_156.java:1012) [server-intermediary.jar:?]
	at knot/net.minecraft.server.Main.main(Main.java:182) [server-intermediary.jar:?]
	at net.fabricmc.loader.impl.game.minecraft.MinecraftGameProvider.launch(MinecraftGameProvider.java:514) [fabric-loader-0.18.4.jar:?]
	at net.fabricmc.loader.impl.launch.knot.Knot.launch(Knot.java:72) [fabric-loader-0.18.4.jar:?]
	at net.fabricmc.loader.impl.launch.knot.KnotServer.main(KnotServer.java:23) [fabric-loader-0.18.4.jar:?]
	at net.fabricmc.loader.impl.launch.server.FabricServerLauncher.main(FabricServerLauncher.java:69) [fabric-loader-0.18.4.jar:?]
[06:40:38] [main/ERROR]: Parsing error loading recipe dawnoftimebuilder:white_cushion
com.google.gson.JsonParseException: No key id in MapLike[{"item":"dawnoftimebuilder:white_cushion","count":4}]
	at knot/com.mojang.serialization.DataResult$Error.md0faa87$owo$lambda$addStackTraceToException$0$0(DataResult.java:565) ~[datafixerupper-8.0.16.jar:?]
	at knot/com.mojang.serialization.DataResult$Error.getOrThrow(DataResult.java:287) ~[datafixerupper-8.0.16.jar:?]
	at knot/net.minecraft.class_1863.method_20705(class_1863.java:62) ~[server-intermediary.jar:?]
	at knot/net.minecraft.class_1863.method_18788(class_1863.java:35) ~[server-intermediary.jar:?]
	at knot/net.minecraft.class_4080.method_18790(class_4080.java:13) ~[server-intermediary.jar:?]
	at java.base/java.util.concurrent.CompletableFuture$UniAccept.tryFire(CompletableFuture.java:718) ~[?:?]
	at java.base/java.util.concurrent.CompletableFuture$Completion.run(CompletableFuture.java:482) ~[?:?]
	at knot/net.minecraft.class_4014.method_18365(class_4014.java:69) ~[server-intermediary.jar:?]
	at knot/net.minecraft.class_156.method_43498(class_156.java:1024) [server-intermediary.jar:?]
	at knot/net.minecraft.class_156.method_43499(class_156.java:1012) [server-intermediary.jar:?]
	at knot/net.minecraft.server.Main.main(Main.java:182) [server-intermediary.jar:?]
	at net.fabricmc.loader.impl.game.minecraft.MinecraftGameProvider.launch(MinecraftGameProvider.java:514) [fabric-loader-0.18.4.jar:?]
	at net.fabricmc.loader.impl.launch.knot.Knot.launch(Knot.java:72) [fabric-loader-0.18.4.jar:?]
	at net.fabricmc.loader.impl.launch.knot.KnotServer.main(KnotServer.java:23) [fabric-loader-0.18.4.jar:?]
	at net.fabricmc.loader.impl.launch.server.FabricServerLauncher.main(FabricServerLauncher.java:69) [fabric-loader-0.18.4.jar:?]
[06:40:38] [main/ERROR]: Parsing error loading recipe pointblank:g3
com.google.gson.JsonParseException: No key tag in MapLike[{"count":5,"id":"minecraft:gold_ingot"}]; No key item in MapLike[{"count":5,"id":"minecraft:gold_ingot"}]; No key tag in MapLike[{"count":9,"id":"minecraft:iron_ingot"}]; No key item in MapLike[{"count":9,"id":"minecraft:iron_ingot"}]
	at knot/com.mojang.serialization.DataResult$Error.md0faa87$owo$lambda$addStackTraceToException$0$0(DataResult.java:565) ~[datafixerupper-8.0.16.jar:?]
	at knot/com.mojang.serialization.DataResult$Error.getOrThrow(DataResult.java:287) ~[datafixerupper-8.0.16.jar:?]
	at knot/net.minecraft.class_1863.method_20705(class_1863.java:62) ~[server-intermediary.jar:?]
	at knot/net.minecraft.class_1863.method_18788(class_1863.java:35) ~[server-intermediary.jar:?]
	at knot/net.minecraft.class_4080.method_18790(class_4080.java:13) ~[server-intermediary.jar:?]
	at java.base/java.util.concurrent.CompletableFuture$UniAccept.tryFire(CompletableFuture.java:718) ~[?:?]
	at java.base/java.util.concurrent.CompletableFuture$Completion.run(CompletableFuture.java:482) ~[?:?]
	at knot/net.minecraft.class_4014.method_18365(class_4014.java:69) ~[server-intermediary.jar:?]
	at knot/net.minecraft.class_156.method_43498(class_156.java:1024) [server-intermediary.jar:?]
	at knot/net.minecraft.class_156.method_43499(class_156.java:1012) [server-intermediary.jar:?]
	at knot/net.minecraft.server.Main.main(Main.java:182) [server-intermediary.jar:?]
	at net.fabricmc.loader.impl.game.minecraft.MinecraftGameProvider.launch(MinecraftGameProvider.java:514) [fabric-loader-0.18.4.jar:?]
	at net.fabricmc.loader.impl.launch.knot.Knot.launch(Knot.java:72) [fabric-loader-0.18.4.jar:?]
	at net.fabricmc.loader.impl.launch.knot.KnotServer.main(KnotServer.java:23) [fabric-loader-0.18.4.jar:?]
	at net.fabricmc.loader.impl.launch.server.FabricServerLauncher.main(FabricServerLauncher.java:69) [fabric-loader-0.18.4.jar:?]
[06:40:38] [main/ERROR]: Parsing error loading recipe spears:copper_nugget_from_blasting_spear
com.google.gson.JsonParseException: Unknown registry key in ResourceKey[minecraft:root / minecraft:item]: minecraft:copper_nugget; Failed to parse either. First: Not a JSON object: [{"item":"minecraft:copper_spear"}]; Second: Failed to parse either. First: No key tag in MapLike[{"item":"minecraft:copper_spear"}]; Unknown registry key in ResourceKey[minecraft:root / minecraft:item]: minecraft:copper_spear; Item array cannot be empty, at least one item must be defined; Second: Not a JSON object: [{"item":"minecraft:copper_spear"}]; Not a JSON object: [{"item":"minecraft:copper_spear"}]
	at knot/com.mojang.serialization.DataResult$Error.md0faa87$owo$lambda$addStackTraceToException$0$0(DataResult.java:565) ~[datafixerupper-8.0.16.jar:?]
	at knot/com.mojang.serialization.DataResult$Error.getOrThrow(DataResult.java:287) ~[datafixerupper-8.0.16.jar:?]
	at knot/net.minecraft.class_1863.method_20705(class_1863.java:62) ~[server-intermediary.jar:?]
	at knot/net.minecraft.class_1863.method_18788(class_1863.java:35) ~[server-intermediary.jar:?]
	at knot/net.minecraft.class_4080.method_18790(class_4080.java:13) ~[server-intermediary.jar:?]
	at java.base/java.util.concurrent.CompletableFuture$UniAccept.tryFire(CompletableFuture.java:718) ~[?:?]
	at java.base/java.util.concurrent.CompletableFuture$Completion.run(CompletableFuture.java:482) ~[?:?]
	at knot/net.minecraft.class_4014.method_18365(class_4014.java:69) ~[server-intermediary.jar:?]
	at knot/net.minecraft.class_156.method_43498(class_156.java:1024) [server-intermediary.jar:?]
	at knot/net.minecraft.class_156.method_43499(class_156.java:1012) [server-intermediary.jar:?]
	at knot/net.minecraft.server.Main.main(Main.java:182) [server-intermediary.jar:?]
	at net.fabricmc.loader.impl.game.minecraft.MinecraftGameProvider.launch(MinecraftGameProvider.java:514) [fabric-loader-0.18.4.jar:?]
	at net.fabricmc.loader.impl.launch.knot.Knot.launch(Knot.java:72) [fabric-loader-0.18.4.jar:?]
	at net.fabricmc.loader.impl.launch.knot.KnotServer.main(KnotServer.java:23) [fabric-loader-0.18.4.jar:?]
	at net.fabricmc.loader.impl.launch.server.FabricServerLauncher.main(FabricServerLauncher.java:69) [fabric-loader-0.18.4.jar:?]
[06:40:38] [main/ERROR]: Parsing error loading recipe spears:copper_nugget_from_smelting_spear
com.google.gson.JsonParseException: Unknown registry key in ResourceKey[minecraft:root / minecraft:item]: minecraft:copper_nugget; Failed to parse either. First: Not a JSON object: [{"item":"minecraft:copper_spear"}]; Second: Failed to parse either. First: No key tag in MapLike[{"item":"minecraft:copper_spear"}]; Unknown registry key in ResourceKey[minecraft:root / minecraft:item]: minecraft:copper_spear; Item array cannot be empty, at least one item must be defined; Second: Not a JSON object: [{"item":"minecraft:copper_spear"}]; Not a JSON object: [{"item":"minecraft:copper_spear"}]
	at knot/com.mojang.serialization.DataResult$Error.md0faa87$owo$lambda$addStackTraceToException$0$0(DataResult.java:565) ~[datafixerupper-8.0.16.jar:?]
	at knot/com.mojang.serialization.DataResult$Error.getOrThrow(DataResult.java:287) ~[datafixerupper-8.0.16.jar:?]
	at knot/net.minecraft.class_1863.method_20705(class_1863.java:62) ~[server-intermediary.jar:?]
	at knot/net.minecraft.class_1863.method_18788(class_1863.java:35) ~[server-intermediary.jar:?]
	at knot/net.minecraft.class_4080.method_18790(class_4080.java:13) ~[server-intermediary.jar:?]
	at java.base/java.util.concurrent.CompletableFuture$UniAccept.tryFire(CompletableFuture.java:718) ~[?:?]
	at java.base/java.util.concurrent.CompletableFuture$Completion.run(CompletableFuture.java:482) ~[?:?]
	at knot/net.minecraft.class_4014.method_18365(class_4014.java:69) ~[server-intermediary.jar:?]
	at knot/net.minecraft.class_156.method_43498(class_156.java:1024) [server-intermediary.jar:?]
	at knot/net.minecraft.class_156.method_43499(class_156.java:1012) [server-intermediary.jar:?]
	at knot/net.minecraft.server.Main.main(Main.java:182) [server-intermediary.jar:?]
	at net.fabricmc.loader.impl.game.minecraft.MinecraftGameProvider.launch(MinecraftGameProvider.java:514) [fabric-loader-0.18.4.jar:?]
	at net.fabricmc.loader.impl.launch.knot.Knot.launch(Knot.java:72) [fabric-loader-0.18.4.jar:?]
	at net.fabricmc.loader.impl.launch.knot.KnotServer.main(KnotServer.java:23) [fabric-loader-0.18.4.jar:?]
	at net.fabricmc.loader.impl.launch.server.FabricServerLauncher.main(FabricServerLauncher.java:69) [fabric-loader-0.18.4.jar:?]
[06:40:38] [main/ERROR]: Parsing error loading recipe mob_drops_recipes_overworld:rotten_flesh
com.google.gson.JsonParseException: Pattern references symbol 'S' but it's not defined in the key
	at knot/com.mojang.serialization.DataResult$Error.md0faa87$owo$lambda$addStackTraceToException$0$0(DataResult.java:565) ~[datafixerupper-8.0.16.jar:?]
	at knot/com.mojang.serialization.DataResult$Error.getOrThrow(DataResult.java:287) ~[datafixerupper-8.0.16.jar:?]
	at knot/net.minecraft.class_1863.method_20705(class_1863.java:62) ~[server-intermediary.jar:?]
	at knot/net.minecraft.class_1863.method_18788(class_1863.java:35) ~[server-intermediary.jar:?]
	at knot/net.minecraft.class_4080.method_18790(class_4080.java:13) ~[server-intermediary.jar:?]
	at java.base/java.util.concurrent.CompletableFuture$UniAccept.tryFire(CompletableFuture.java:718) ~[?:?]
	at java.base/java.util.concurrent.CompletableFuture$Completion.run(CompletableFuture.java:482) ~[?:?]
	at knot/net.minecraft.class_4014.method_18365(class_4014.java:69) ~[server-intermediary.jar:?]
	at knot/net.minecraft.class_156.method_43498(class_156.java:1024) [server-intermediary.jar:?]
	at knot/net.minecraft.class_156.method_43499(class_156.java:1012) [server-intermediary.jar:?]
	at knot/net.minecraft.server.Main.main(Main.java:182) [server-intermediary.jar:?]
	at net.fabricmc.loader.impl.game.minecraft.MinecraftGameProvider.launch(MinecraftGameProvider.java:514) [fabric-loader-0.18.4.jar:?]
	at net.fabricmc.loader.impl.launch.knot.Knot.launch(Knot.java:72) [fabric-loader-0.18.4.jar:?]
	at net.fabricmc.loader.impl.launch.knot.KnotServer.main(KnotServer.java:23) [fabric-loader-0.18.4.jar:?]
	at net.fabricmc.loader.impl.launch.server.FabricServerLauncher.main(FabricServerLauncher.java:69) [fabric-loader-0.18.4.jar:?]
[06:40:38] [main/ERROR]: Parsing error loading recipe oreganized:electrum_spear
com.google.gson.JsonParseException: Unknown registry key in ResourceKey[minecraft:root / minecraft:item]: oreganized:electrum_spear; Failed to parse either. First: Input does not contain a key [fabric:type]: MapLike[{"item":"oreganized:electrum_ingot"}]; Second: Failed to parse either. First: Not a json array: {"item":"oreganized:electrum_ingot"}; Second: No key tag in MapLike[{"item":"oreganized:electrum_ingot"}]; Unknown registry key in ResourceKey[minecraft:root / minecraft:item]: oreganized:electrum_ingot; Failed to parse either. First: Input does not contain a key [fabric:type]: MapLike[{"item":"oreganized:electrum_upgrade_smithing_template"}]; Second: Failed to parse either. First: Not a json array: {"item":"oreganized:electrum_upgrade_smithing_template"}; Second: No key tag in MapLike[{"item":"oreganized:electrum_upgrade_smithing_template"}]; Unknown registry key in ResourceKey[minecraft:root / minecraft:item]: oreganized:electrum_upgrade_smithing_template
	at knot/com.mojang.serialization.DataResult$Error.md0faa87$owo$lambda$addStackTraceToException$0$0(DataResult.java:565) ~[datafixerupper-8.0.16.jar:?]
	at knot/com.mojang.serialization.DataResult$Error.getOrThrow(DataResult.java:287) ~[datafixerupper-8.0.16.jar:?]
	at knot/net.minecraft.class_1863.method_20705(class_1863.java:62) ~[server-intermediary.jar:?]
	at knot/net.minecraft.class_1863.method_18788(class_1863.java:35) ~[server-intermediary.jar:?]
	at knot/net.minecraft.class_4080.method_18790(class_4080.java:13) ~[server-intermediary.jar:?]
	at java.base/java.util.concurrent.CompletableFuture$UniAccept.tryFire(CompletableFuture.java:718) ~[?:?]
	at java.base/java.util.concurrent.CompletableFuture$Completion.run(CompletableFuture.java:482) ~[?:?]
	at knot/net.minecraft.class_4014.method_18365(class_4014.java:69) ~[server-intermediary.jar:?]
	at knot/net.minecraft.class_156.method_43498(class_156.java:1024) [server-intermediary.jar:?]
	at knot/net.minecraft.class_156.method_43499(class_156.java:1012) [server-intermediary.jar:?]
	at knot/net.minecraft.server.Main.main(Main.java:182) [server-intermediary.jar:?]
	at net.fabricmc.loader.impl.game.minecraft.MinecraftGameProvider.launch(MinecraftGameProvider.java:514) [fabric-loader-0.18.4.jar:?]
	at net.fabricmc.loader.impl.launch.knot.Knot.launch(Knot.java:72) [fabric-loader-0.18.4.jar:?]
	at net.fabricmc.loader.impl.launch.knot.KnotServer.main(KnotServer.java:23) [fabric-loader-0.18.4.jar:?]
	at net.fabricmc.loader.impl.launch.server.FabricServerLauncher.main(FabricServerLauncher.java:69) [fabric-loader-0.18.4.jar:?]
[06:40:38] [main/ERROR]: Parsing error loading recipe ender_dragon_loot:dragon_spear
com.google.gson.JsonParseException: Unknown registry key in ResourceKey[minecraft:root / minecraft:item]: ender_dragon_loot:dragon_spear; Failed to parse either. First: Input does not contain a key [fabric:type]: MapLike[{"item":"ender_dragon_loot:dragon_scale"}]; Second: Failed to parse either. First: Not a json array: {"item":"ender_dragon_loot:dragon_scale"}; Second: No key tag in MapLike[{"item":"ender_dragon_loot:dragon_scale"}]; Unknown registry key in ResourceKey[minecraft:root / minecraft:item]: ender_dragon_loot:dragon_scale; Failed to parse either. First: Input does not contain a key [fabric:type]: MapLike[{"item":"ender_dragon_loot:dragon_upgrade_template"}]; Second: Failed to parse either. First: Not a json array: {"item":"ender_dragon_loot:dragon_upgrade_template"}; Second: No key tag in MapLike[{"item":"ender_dragon_loot:dragon_upgrade_template"}]; Unknown registry key in ResourceKey[minecraft:root / minecraft:item]: ender_dragon_loot:dragon_upgrade_template
	at knot/com.mojang.serialization.DataResult$Error.md0faa87$owo$lambda$addStackTraceToException$0$0(DataResult.java:565) ~[datafixerupper-8.0.16.jar:?]
	at knot/com.mojang.serialization.DataResult$Error.getOrThrow(DataResult.java:287) ~[datafixerupper-8.0.16.jar:?]
	at knot/net.minecraft.class_1863.method_20705(class_1863.java:62) ~[server-intermediary.jar:?]
	at knot/net.minecraft.class_1863.method_18788(class_1863.java:35) ~[server-intermediary.jar:?]
	at knot/net.minecraft.class_4080.method_18790(class_4080.java:13) ~[server-intermediary.jar:?]
	at java.base/java.util.concurrent.CompletableFuture$UniAccept.tryFire(CompletableFuture.java:718) ~[?:?]
	at java.base/java.util.concurrent.CompletableFuture$Completion.run(CompletableFuture.java:482) ~[?:?]
	at knot/net.minecraft.class_4014.method_18365(class_4014.java:69) ~[server-intermediary.jar:?]
	at knot/net.minecraft.class_156.method_43498(class_156.java:1024) [server-intermediary.jar:?]
	at knot/net.minecraft.class_156.method_43499(class_156.java:1012) [server-intermediary.jar:?]
	at knot/net.minecraft.server.Main.main(Main.java:182) [server-intermediary.jar:?]
	at net.fabricmc.loader.impl.game.minecraft.MinecraftGameProvider.launch(MinecraftGameProvider.java:514) [fabric-loader-0.18.4.jar:?]
	at net.fabricmc.loader.impl.launch.knot.Knot.launch(Knot.java:72) [fabric-loader-0.18.4.jar:?]
	at net.fabricmc.loader.impl.launch.knot.KnotServer.main(KnotServer.java:23) [fabric-loader-0.18.4.jar:?]
	at net.fabricmc.loader.impl.launch.server.FabricServerLauncher.main(FabricServerLauncher.java:69) [fabric-loader-0.18.4.jar:?]
[06:40:38] [main/ERROR]: Parsing error loading recipe dragonloot:dragon_spear
com.google.gson.JsonParseException: Unknown registry key in ResourceKey[minecraft:root / minecraft:item]: dragonloot:dragon_spear; Failed to parse either. First: Input does not contain a key [fabric:type]: MapLike[{"item":"dragonloot:dragon_scale"}]; Second: Failed to parse either. First: Not a json array: {"item":"dragonloot:dragon_scale"}; Second: No key tag in MapLike[{"item":"dragonloot:dragon_scale"}]; Unknown registry key in ResourceKey[minecraft:root / minecraft:item]: dragonloot:dragon_scale
	at knot/com.mojang.serialization.DataResult$Error.md0faa87$owo$lambda$addStackTraceToException$0$0(DataResult.java:565) ~[datafixerupper-8.0.16.jar:?]
	at knot/com.mojang.serialization.DataResult$Error.getOrThrow(DataResult.java:287) ~[datafixerupper-8.0.16.jar:?]
	at knot/net.minecraft.class_1863.method_20705(class_1863.java:62) ~[server-intermediary.jar:?]
	at knot/net.minecraft.class_1863.method_18788(class_1863.java:35) ~[server-intermediary.jar:?]
	at knot/net.minecraft.class_4080.method_18790(class_4080.java:13) ~[server-intermediary.jar:?]
	at java.base/java.util.concurrent.CompletableFuture$UniAccept.tryFire(CompletableFuture.java:718) ~[?:?]
	at java.base/java.util.concurrent.CompletableFuture$Completion.run(CompletableFuture.java:482) ~[?:?]
	at knot/net.minecraft.class_4014.method_18365(class_4014.java:69) ~[server-intermediary.jar:?]
	at knot/net.minecraft.class_156.method_43498(class_156.java:1024) [server-intermediary.jar:?]
	at knot/net.minecraft.class_156.method_43499(class_156.java:1012) [server-intermediary.jar:?]
	at knot/net.minecraft.server.Main.main(Main.java:182) [server-intermediary.jar:?]
	at net.fabricmc.loader.impl.game.minecraft.MinecraftGameProvider.launch(MinecraftGameProvider.java:514) [fabric-loader-0.18.4.jar:?]
	at net.fabricmc.loader.impl.launch.knot.Knot.launch(Knot.java:72) [fabric-loader-0.18.4.jar:?]
	at net.fabricmc.loader.impl.launch.knot.KnotServer.main(KnotServer.java:23) [fabric-loader-0.18.4.jar:?]
	at net.fabricmc.loader.impl.launch.server.FabricServerLauncher.main(FabricServerLauncher.java:69) [fabric-loader-0.18.4.jar:?]
[06:40:38] [main/INFO]: Loaded 7174 recipes
[06:40:38] [main/ERROR]: Parsing error loading custom advancement dungeons_arise:find_illager_corsair_or_illager_galley: No key id in MapLike[{"item":"minecraft:tropical_fish"}]
[06:40:38] [main/ERROR]: Parsing error loading custom advancement dungeons_arise:find_infested_temple_map: No key id in MapLike[{"item":"minecraft:filled_map"}]
[06:40:38] [main/ERROR]: Parsing error loading custom advancement dungeons_arise:find_greenwood_pub: No key id in MapLike[{"item":"minecraft:barrel"}]
[06:40:38] [main/ERROR]: Parsing error loading custom advancement dungeons_arise:find_thornborn_towers: No key id in MapLike[{"item":"minecraft:rose_bush"}]
[06:40:38] [main/ERROR]: Parsing error loading custom advancement dungeons_arise:find_keep_kayra: No key id in MapLike[{"item":"minecraft:lily_pad"}]
[06:40:38] [main/ERROR]: Couldn't load advancements: [minecraft:give_quest_trader_trade, dungeons_arise:find_plague_asylum, minecraft:wander_add_map, dungeons_arise:find_fishing_hut]
[06:40:38] [main/INFO]: Loaded 5222 advancements
[06:40:38] [main/INFO]: Applied 17 data villager trades
[06:40:38] [main/INFO]: Failed to load custom color set definition {"id":"quark:rune","colors":{"default":"quark:blank_rune"},"replace":false}. Ignoring
[06:40:38] [main/INFO]: Failed to load custom color set definition {"id":"quark:shard","colors":{"default":"quark:clear_shard"},"replace":false}. Ignoring
[06:40:38] [ForkJoinPool.commonPool-worker-2/INFO]: Loaded 58 translation keys
[06:40:38] [main/INFO]: Loaded 28 flute songs
[06:40:38] [main/WARN]: Not all defined tags for registry ResourceKey[minecraft:root / minecraft:worldgen/biome] are present in data pack: ecologics:has_structure/desert_ruin
[06:40:38] [main/WARN]: Not all defined tags for registry ResourceKey[minecraft:root / minecraft:item] are present in data pack: c:ingots/lead, c:storage_blocks/lead
[06:40:39] [main/INFO]: Registering custom dispenser behaviors
[06:40:39] [main/WARN]: Initial datapack load took 5.768 s
[06:40:39] [main/INFO]: Initialized TerraBlender biomes for level stem minecraft:overworld
[06:40:39] [main/INFO]: Initialized TerraBlender biomes for level stem minecraft:the_nether
[06:40:40] [main/INFO]: Applied 4429 biome modifications to 238 of 238 new biomes in 395.7 ms
[06:40:40] [Server thread/INFO]: Initialized mcCoroutineScope (MinecraftServer as executor)
[06:40:40] [Server thread/INFO]: Dispatching loading event for config easyanvils-server.toml
[06:40:40] [Server thread/INFO]: Dispatching loading event for config easymagic-server.toml
[06:40:40] [Server thread/INFO]: Dispatching loading event for config iteminteractions-server.toml
[06:40:40] [Server thread/INFO]: Dispatching loading event for config pickupnotifier/pickupnotifier-server.toml
[06:40:40] [Server thread/INFO]: Encoded Weapon Attribute registry size (with package overhead): 3723 bytes (in 1 string chunks with the size of 10000)
[06:40:40] [Server thread/INFO]: Dangerous Mod is ready and loaded!
[06:40:40] [Server thread/INFO]: Loading server configs...
[06:40:40] [Server thread/INFO]: Starting minecraft server version 1.21.1
[06:40:40] [Server thread/INFO]: Loading properties
[06:40:40] [Server thread/INFO]: Default game type: SURVIVAL
[06:40:40] [Server thread/INFO]: Generating keypair
[06:40:40] [Server thread/INFO]: Starting Minecraft server on *:25565
[06:40:40] [Server thread/INFO]: Using epoll channel type
[06:40:40] [Server thread/WARN]: **** SERVER IS RUNNING IN OFFLINE/INSECURE MODE!
[06:40:40] [Server thread/WARN]: The server will make no attempt to authenticate usernames. Beware.
[06:40:40] [Server thread/WARN]: While this makes the game possible to play without internet access, it also opens up the ability for hackers to connect with any username they choose.
[06:40:40] [Server thread/WARN]: To change this, set "online-mode" to "true" in the server.properties file.
[06:40:40] [Server thread/INFO]: Preparing level "worldBackup"
[06:40:40] [Server thread/INFO]: Enforcing safe world random access
[06:40:41] [Server thread/INFO]: Using TheSpeedyObjectFactory with Unsafe
[06:40:54] [Server thread/INFO]: Preparing start region for dimension minecraft:overworld
[06:40:55] [c2me-worker-1/INFO]: Preparing spawn area: 0%
[06:40:55] [c2me-worker-1/INFO]: Preparing spawn area: 0%
[06:40:55] [c2me-worker-0/INFO]: Preparing spawn area: 0%
[06:40:55] [c2me-worker-2/INFO]: Preparing spawn area: 0%
[06:40:59] [minecraft_overworld - Light/INFO]: Preparing spawn area: 0%
[06:40:59] [minecraft_overworld - Light/INFO]: Preparing spawn area: 0%
[06:40:59] [minecraft_overworld - Light/INFO]: Preparing spawn area: 0%
[06:40:59] [minecraft_overworld - Light/INFO]: Preparing spawn area: 0%
[06:40:59] [minecraft_overworld - Light/INFO]: Preparing spawn area: 0%
[06:40:59] [minecraft_overworld - Light/INFO]: Preparing spawn area: 0%
[06:41:01] [c2me-worker-1/INFO]: Preparing spawn area: 0%
[06:41:01] [c2me-worker-1/INFO]: Preparing spawn area: 0%
[06:41:01] [c2me-worker-1/INFO]: Preparing spawn area: 0%
[06:41:01] [c2me-worker-1/INFO]: Preparing spawn area: 0%
[06:41:01] [Server thread/INFO]: Preparing spawn area: 42%
[06:41:02] [c2me-worker-2/INFO]: Preparing spawn area: 85%
[06:41:02] [Server thread/INFO]: Time elapsed: 7974 ms
[06:41:02] [Server thread/INFO]: Done (21.596s)! For help, type "help"
[06:41:02] [Server thread/WARN]: Dedicated server took 81.585 seconds to load
[06:41:02] [Server thread/ERROR]: Couldn't load server icon
java.lang.IllegalStateException: Must be 64 pixels wide
	at knot/com.google.common.base.Preconditions.checkState(Preconditions.java:512) ~[guava-32.1.2-jre.jar:?]
	at knot/net.minecraft.server.MinecraftServer.method_49387(MinecraftServer.java:874) ~[server-intermediary.jar:?]
	at java.base/java.util.Optional.flatMap(Optional.java:289) ~[?:?]
	at knot/net.minecraft.server.MinecraftServer.method_49384(MinecraftServer.java:871) ~[server-intermediary.jar:?]
	at knot/net.minecraft.server.MinecraftServer.method_29741(MinecraftServer.java:667) ~[server-intermediary.jar:?]
	at knot/net.minecraft.server.MinecraftServer.method_29739(MinecraftServer.java:281) ~[server-intermediary.jar:?]
	at java.base/java.lang.Thread.run(Thread.java:1583) [?:?]
[06:41:02] [Server thread/INFO]: Start loading plugin from Balm: net.blay09.mods.balm.fabric.compat.hudinfo.FabricJadeModCompat
[06:41:02] [Server thread/INFO]: Start loading plugin from Exposure: io.github.mortuusars.exposure.integration.jade.ExposureJadePlugin
[06:41:02] [Server thread/INFO]: Start loading plugin from Jade: snownee.jade.addon.core.CorePlugin
[06:41:02] [Server thread/INFO]: Start loading plugin from Jade: snownee.jade.addon.vanilla.VanillaPlugin
[06:41:02] [Server thread/INFO]: Start loading plugin from Jade: snownee.jade.addon.universal.UniversalPlugin
[06:41:02] [Server thread/INFO]: Start loading plugin from Jade: snownee.jade.addon.access.AccessibilityPlugin
[06:41:02] [Server thread/INFO]: Start loading plugin from Jade: snownee.jade.addon.debug.DebugPlugin
[06:41:02] [Server thread/INFO]: Start loading plugin from Polymer (Core): eu.pb4.polymer.core.impl.client.compat.JadeCompatibility
[06:41:02] [Server thread/INFO]: Start loading plugin from Supplementaries: net.mehvahdjukaar.supplementaries.integration.JadeCompat
[06:41:02] [Server thread/INFO]: Start loading plugin from Waystones: net.blay09.mods.waystones.compat.JadeIntegration
[06:41:03] [C2ME Storage #14/INFO]: Storage thread Thread[#112,C2ME Storage #14,5,main] stopped
[06:41:03] [C2ME Storage #15/INFO]: Storage thread Thread[#113,C2ME Storage #15,5,main] stopped
[06:41:03] [C2ME Storage #13/INFO]: Storage thread Thread[#111,C2ME Storage #13,5,main] stopped
[06:41:16] [Server thread/WARN]: [voicechat] Running in offline mode - Voice chat encryption is not secure!
[06:41:16] [VoiceChatServerThread/INFO]: [voicechat] Voice host is 'vote-reg.gl.at.ply.gg'
[06:41:16] [VoiceChatServerThread/INFO]: [voicechat] Voice chat server started at port 6722
[06:41:37] [Server thread/INFO]: [Dangerous] HP multiplier changed from 1.0 to 2.0 on day 647
[06:41:37] [Server thread/WARN]: @ModifyConstant conflict. Skipping connectivity.mixins.json:ClientboundCustomPayloadPacketMixin from mod connectivity->@ModifyConstant::modifyLimit(I)I with priority 1, already redirected by packetfixer.v1_20_5.fabric.mixins.json:v1_20_5_fabric.ClientboundCustomPayloadPacketMixin from mod packetfixer->@ModifyConstant::packetfixer$newSize(I)I with priority 1000
[06:41:37] [Server thread/WARN]: @ModifyConstant conflict. Skipping connectivity.mixins.json:ClientboundCustomPayloadPacketMixin from mod connectivity->@ModifyConstant::modifyLimit2(I)I with priority 1, already redirected by packetfixer.v1_20_5.fabric.mixins.json:v1_20_5_fabric.ClientboundCustomPayloadPacketMixin from mod packetfixer->@ModifyConstant::packetfixer$newSize$2(I)I with priority 1000
[06:43:04] [Netty Epoll Server IO #1/WARN]: @ModifyConstant conflict. Skipping packetfixer.v1_20_5.fabric.mixins.json:v1_20_5_fabric.ServerLoginPacketListenerImplMixin from mod packetfixer->@ModifyConstant::packetfixer$tick(I)I with priority 1000, already redirected by connectivity.mixins.json:ServerLoginNetHandlerMixin from mod connectivity->@ModifyConstant::loginTimeout(I)I with priority 1001
[06:43:04] [Netty Epoll Server IO #1/WARN]: @ModifyConstant conflict. Skipping packetfixer.v1_20_5.fabric.mixins.json:v1_20_5_fabric.CompressionEncoderMixin from mod packetfixer->@ModifyConstant::packetfixer$newSize(I)I with priority 1000, already redirected by connectivity.mixins.json:CompressionEncoderMixin from mod connectivity->@ModifyConstant::modifyLimit(I)I with priority 1000
[06:43:05] [Netty Epoll Server IO #1/INFO]: [STDOUT]: {"pandalib:pandalib_config#debugging.0": false, "pandalib:pandalib_config#configHotReloadDelay.1": 1000, "pandalib:pandalib_config#enableConfigHotReload.2": false}
[06:43:05] [Netty Epoll Server IO #1/INFO]: [STDOUT]: {"fallingtrees:client#miningShould.0": CHOP_TREE, "fallingtrees:client#miningWhileCrouchingShould.1": MINE_SINGLE_BLOCK}
[06:43:07] [Server thread/INFO]: coete10[/127.102.22.4:45089] logged in with entity id 31 at (518.5943836116536, 65.0, -167.96766094109023)
[06:43:07] [Server thread/INFO]: Sending server config values to client
[06:43:07] [Server thread/INFO]: Loading config from file...
[06:43:07] [Server thread/INFO]: [voicechat] Using Fabric Permissions API
[06:43:07] [Server thread/INFO]: coete10 joined the game
[06:43:07] [Server thread/INFO]: Sending item configs to client
[06:43:08] [Server thread/INFO]: Channel update: coete10 -> default
[06:43:08] [Server thread/INFO]: Receiving client config
[06:43:08] [Server thread/INFO]: [voicechat] Received secret request of coete10 (20)
[06:43:08] [Server thread/INFO]: [voicechat] Sent secret to coete10
[06:43:08] [Server thread/WARN]: @ModifyConstant conflict. Skipping packetfixer.v1_20_5.fabric.mixins.json:v1_20_5_fabric.ClientboundLevelChunkPacketDataMixin from mod packetfixer->@ModifyConstant::packetfixer$newSize(I)I with priority 1000, already redirected by connectivity.mixins.json:ClientBoundLevelChunkPacketDataLimitMixin from mod connectivity->@ModifyConstant::modifyLimit(I)I with priority 1000
[06:43:09] [Server thread/WARN]: Can't keep up! Is the server overloaded? Running 2029ms or 40 ticks behind
[06:43:11] [VoiceChatPacketProcessingThread/INFO]: [voicechat] Successfully authenticated player 3a110192-6635-3833-abff-63264a24f741
[06:43:12] [VoiceChatPacketProcessingThread/INFO]: [voicechat] Successfully validated connection of player 3a110192-6635-3833-abff-63264a24f741
[06:43:12] [VoiceChatPacketProcessingThread/INFO]: [voicechat] Player coete10 (3a110192-6635-3833-abff-63264a24f741) successfully connected to voice chat
[06:59:30] [Netty Epoll Server IO #3/INFO]: [STDOUT]: {"pandalib:pandalib_config#debugging.0": false, "pandalib:pandalib_config#configHotReloadDelay.1": 1000, "pandalib:pandalib_config#enableConfigHotReload.2": false}
[06:59:30] [Netty Epoll Server IO #3/INFO]: [STDOUT]: {"fallingtrees:client#miningShould.0": CHOP_TREE, "fallingtrees:client#miningWhileCrouchingShould.1": MINE_SINGLE_BLOCK}
[06:59:35] [Server thread/INFO]: xXSansXx20[/127.88.55.191:49633] logged in with entity id 4737 at (521.7612638622455, 65.0, -169.82047497140712)
[06:59:35] [Server thread/INFO]: Sending server config values to client
[06:59:35] [Server thread/INFO]: Loading config from file...
[06:59:36] [Server thread/INFO]: xXSansXx20 joined the game
[06:59:36] [Server thread/INFO]: Sending item configs to client
[06:59:37] [Server thread/INFO]: Channel update: xXSansXx20 -> default
[06:59:37] [Server thread/INFO]: [voicechat] Received secret request of xXSansXx20 (20)
[06:59:37] [Server thread/INFO]: [voicechat] Sent secret to xXSansXx20
[06:59:37] [Server thread/INFO]: Receiving client config
[06:59:49] [VoiceChatPacketProcessingThread/INFO]: [voicechat] Successfully authenticated player cfcb7121-0c52-37f3-b9ad-6a30c1ab373b
[06:59:50] [VoiceChatPacketProcessingThread/INFO]: [voicechat] Successfully validated connection of player cfcb7121-0c52-37f3-b9ad-6a30c1ab373b
[06:59:50] [VoiceChatPacketProcessingThread/INFO]: [voicechat] Player xXSansXx20 (cfcb7121-0c52-37f3-b9ad-6a30c1ab373b) successfully connected to voice chat
[07:01:58] [Server thread/INFO]: [Not Secure] <coete10> dame el gun metal
[07:02:53] [Server thread/WARN]: Can't keep up! Is the server overloaded? Running 2253ms or 45 ticks behind
[07:03:18] [Server thread/INFO]: Villager VillagerEntityMCA['Silvija'/6183, l='ServerLevel[world]', x=242.99, y=65.00, z=-448.00] died, message: 'Silvija suffocated in a wall'
[07:03:18] [Server thread/INFO]: Named entity VillagerEntityMCA['Silvija'/6183, l='ServerLevel[world]', x=242.99, y=65.00, z=-448.00] died: Silvija suffocated in a wall
[07:03:25] [Server thread/WARN]: Can't keep up! Is the server overloaded? Running 16944ms or 338 ticks behind
[07:03:45] [Server thread/WARN]: Can't keep up! Is the server overloaded? Running 5167ms or 103 ticks behind
[07:04:03] [Server thread/WARN]: Can't keep up! Is the server overloaded? Running 2623ms or 52 ticks behind
[07:04:34] [Server thread/WARN]: Can't keep up! Is the server overloaded? Running 2009ms or 40 ticks behind
[07:04:51] [Server thread/WARN]: Can't keep up! Is the server overloaded? Running 2055ms or 41 ticks behind
[07:05:08] [Server thread/WARN]: Can't keep up! Is the server overloaded? Running 2135ms or 42 ticks behind
[07:05:26] [Server thread/WARN]: Can't keep up! Is the server overloaded? Running 2987ms or 59 ticks behind
[07:05:58] [Server thread/WARN]: Can't keep up! Is the server overloaded? Running 2014ms or 40 ticks behind
[07:06:28] [Server thread/WARN]: Can't keep up! Is the server overloaded? Running 2004ms or 40 ticks behind
[07:06:41] [Server thread/WARN]: Mismatching item in slot 4
[07:06:41] [Server thread/WARN]: Mismatching item in slot 4
[07:06:46] [Server thread/WARN]: Can't keep up! Is the server overloaded? Running 2338ms or 46 ticks behind
[07:07:03] [Server thread/WARN]: Can't keep up! Is the server overloaded? Running 2529ms or 50 ticks behind
[07:07:26] [Server thread/WARN]: Can't keep up! Is the server overloaded? Running 2843ms or 56 ticks behind
[07:08:06] [Server thread/WARN]: Can't keep up! Is the server overloaded? Running 2005ms or 40 ticks behind
[07:08:24] [Server thread/WARN]: Can't keep up! Is the server overloaded? Running 2015ms or 40 ticks behind
[07:08:46] [Server thread/WARN]: Can't keep up! Is the server overloaded? Running 2004ms or 40 ticks behind
[07:09:21] [Server thread/WARN]: Mismatching item in slot 4
[07:09:21] [Server thread/WARN]: Mismatching item in slot 4
[07:09:43] [Server thread/WARN]: Can't keep up! Is the server overloaded? Running 2007ms or 40 ticks behind
[07:11:14] [Server thread/WARN]: Can't keep up! Is the server overloaded? Running 2044ms or 40 ticks behind
[07:11:32] [Server thread/WARN]: Can't keep up! Is the server overloaded? Running 2776ms or 55 ticks behind
[07:11:39] [Server thread/INFO]: [coete10: Kicked xXSansXx20: Kicked by an operator]
[07:11:39] [Server thread/INFO]: xXSansXx20 lost connection: Kicked by an operator
[07:11:39] [Server thread/INFO]: xXSansXx20 left the game
[07:11:39] [Server thread/INFO]: [voicechat] Disconnecting client xXSansXx20
[07:11:53] [Netty Epoll Server IO #5/INFO]: [STDOUT]: {"pandalib:pandalib_config#debugging.0": false, "pandalib:pandalib_config#configHotReloadDelay.1": 1000, "pandalib:pandalib_config#enableConfigHotReload.2": false}
[07:11:53] [Netty Epoll Server IO #5/INFO]: [STDOUT]: {"fallingtrees:client#miningShould.0": CHOP_TREE, "fallingtrees:client#miningWhileCrouchingShould.1": MINE_SINGLE_BLOCK}
[07:11:56] [Server thread/INFO]: xXSansXx20[/127.88.55.191:36297] logged in with entity id 8147 at (192.36920654934744, 56.0, -345.1673343374149)
[07:11:56] [Server thread/INFO]: Sending server config values to client
[07:11:56] [Server thread/INFO]: Loading config from file...
[07:11:56] [Server thread/INFO]: xXSansXx20 joined the game
[07:11:56] [Server thread/INFO]: Sending item configs to client
[07:11:57] [Server thread/INFO]: Channel update: xXSansXx20 -> default
[07:11:57] [Server thread/INFO]: [voicechat] Received secret request of xXSansXx20 (20)
[07:11:57] [Server thread/INFO]: [voicechat] Sent secret to xXSansXx20
[07:11:57] [Server thread/INFO]: Receiving client config
[07:11:58] [Server thread/WARN]: Can't keep up! Is the server overloaded? Running 2006ms or 40 ticks behind
[07:12:08] [VoiceChatPacketProcessingThread/INFO]: [voicechat] Successfully authenticated player cfcb7121-0c52-37f3-b9ad-6a30c1ab373b
[07:12:09] [VoiceChatPacketProcessingThread/INFO]: [voicechat] Successfully validated connection of player cfcb7121-0c52-37f3-b9ad-6a30c1ab373b
[07:12:09] [VoiceChatPacketProcessingThread/INFO]: [voicechat] Player xXSansXx20 (cfcb7121-0c52-37f3-b9ad-6a30c1ab373b) successfully connected to voice chat
[07:12:45] [Server thread/WARN]: Can't keep up! Is the server overloaded? Running 2018ms or 40 ticks behind
[07:12:48] [Server thread/INFO]: xXSansXx20 lost connection: Disconnected
[07:12:48] [Server thread/INFO]: xXSansXx20 left the game
[07:12:48] [Server thread/INFO]: [voicechat] Disconnecting client xXSansXx20
[07:13:03] [Server thread/WARN]: Can't keep up! Is the server overloaded? Running 2954ms or 59 ticks behind
[07:13:21] [Server thread/WARN]: Can't keep up! Is the server overloaded? Running 2020ms or 40 ticks behind
[07:14:01] [Server thread/WARN]: Can't keep up! Is the server overloaded? Running 2015ms or 40 ticks behind
[07:14:26] [Server thread/WARN]: Can't keep up! Is the server overloaded? Running 2004ms or 40 ticks behind
[07:14:43] [Server thread/WARN]: Can't keep up! Is the server overloaded? Running 2529ms or 50 ticks behind
[07:15:08] [Server thread/WARN]: Can't keep up! Is the server overloaded? Running 2040ms or 40 ticks behind
[07:15:37] [Server thread/WARN]: Can't keep up! Is the server overloaded? Running 2016ms or 40 ticks behind
[07:15:55] [Server thread/WARN]: Can't keep up! Is the server overloaded? Running 3597ms or 71 ticks behind
[07:16:14] [Server thread/WARN]: Can't keep up! Is the server overloaded? Running 3458ms or 69 ticks behind
[07:17:26] [Server thread/WARN]: Mismatching item in slot 8
[07:17:27] [Server thread/WARN]: Mismatching item in slot 8
[07:18:08] [Server thread/WARN]: Can't keep up! Is the server overloaded? Running 2820ms or 56 ticks behind
[07:19:00] [Server thread/WARN]: Can't keep up! Is the server overloaded? Running 2002ms or 40 ticks behind
[07:19:18] [Server thread/WARN]: Can't keep up! Is the server overloaded? Running 2982ms or 59 ticks behind
[07:19:36] [Server thread/WARN]: Can't keep up! Is the server overloaded? Running 2902ms or 58 ticks behind
[07:19:56] [Server thread/WARN]: Can't keep up! Is the server overloaded? Running 4919ms or 98 ticks behind
[07:20:09] [Server thread/INFO]: [Not Secure] <coete10> xm29
[07:22:17] [Server thread/WARN]: Mismatching item in slot 4
[07:22:17] [Server thread/WARN]: Mismatching item in slot 4
[07:22:22] [Server thread/WARN]: Can't keep up! Is the server overloaded? Running 2086ms or 41 ticks behind
[07:22:40] [Server thread/WARN]: Can't keep up! Is the server overloaded? Running 2321ms or 46 ticks behind
[07:23:11] [Server thread/WARN]: Can't keep up! Is the server overloaded? Running 2032ms or 40 ticks behind
[07:23:29] [Server thread/WARN]: Can't keep up! Is the server overloaded? Running 2290ms or 45 ticks behind
[07:25:41] [Server thread/INFO]: [coete10: Set own game mode to Creative Mode]
[07:26:18] [Server thread/INFO]: Villager VillagerEntityMCA['Ria'/6574, l='ServerLevel[world]', x=263.57, y=65.42, z=-263.53] died, message: 'Ria was slain by Kobold Warrior'
[07:26:18] [Server thread/INFO]: Named entity VillagerEntityMCA['Ria'/6574, l='ServerLevel[world]', x=263.57, y=65.42, z=-263.53] died: Ria was slain by Kobold Warrior
[07:32:10] [Server thread/WARN]: Can't keep up! Is the server overloaded? Running 2003ms or 40 ticks behind
[07:32:50] [Server thread/WARN]: Can't keep up! Is the server overloaded? Running 2022ms or 40 ticks behind
[07:33:37] [Server thread/WARN]: Can't keep up! Is the server overloaded? Running 2012ms or 40 ticks behind
[07:34:00] [Server thread/WARN]: Can't keep up! Is the server overloaded? Running 2003ms or 40 ticks behind
[07:35:06] [Server thread/WARN]: Can't keep up! Is the server overloaded? Running 2009ms or 40 ticks behind
[07:35:42] [Server thread/WARN]: Can't keep up! Is the server overloaded? Running 2046ms or 40 ticks behind
[07:36:01] [Server thread/INFO]: Villager VillagerEntityMCA['Slobodan'/15410, l='ServerLevel[world]', x=287.03, y=62.94, z=-448.01] died, message: 'Slobodan suffocated in a wall'
[07:36:01] [Server thread/INFO]: Named entity VillagerEntityMCA['Slobodan'/15410, l='ServerLevel[world]', x=287.03, y=62.94, z=-448.01] died: Slobodan suffocated in a wall
[07:36:11] [Server thread/WARN]: Can't keep up! Is the server overloaded? Running 2006ms or 40 ticks behind
[07:36:29] [Server thread/WARN]: Can't keep up! Is the server overloaded? Running 2285ms or 45 ticks behind
[07:36:43] [Server thread/INFO]: [coete10: Set own game mode to Survival Mode]
[07:37:21] [Server thread/INFO]: coete10 lost connection: Disconnected
[07:37:21] [Server thread/INFO]: coete10 left the game
[07:37:21] [Server thread/INFO]: [voicechat] Disconnecting client coete10
[07:39:11] [Server thread/INFO]: Stopping the server
[07:39:11] [C2ME Storage #18/INFO]: Storage thread Thread[#116,C2ME Storage #18,5,main] stopped
[07:39:11] [C2ME Storage #17/INFO]: Storage thread Thread[#115,C2ME Storage #17,5,main] stopped
[07:39:11] [C2ME Storage #16/INFO]: Storage thread Thread[#114,C2ME Storage #16,5,main] stopped
[07:39:11] [Server thread/INFO]: Stopping server
[07:39:11] [Server thread/INFO]: Saving players
[07:39:11] [Server thread/INFO]: Saving worlds
[07:39:11] [Server thread/INFO]: ServerLevel[world]/minecraft:overworld: waiting for 841 chunks to unload
[07:39:11] [Server thread/INFO]: Saving chunks for level 'ServerLevel[world]'/minecraft:overworld
[07:39:11] [Server thread/INFO]: Saving chunks for level 'ServerLevel[world]'/deeperdarker:otherside
[07:39:11] [Server thread/INFO]: Saving chunks for level 'ServerLevel[world]'/minecraft:the_nether
[07:39:11] [Server thread/INFO]: Saving chunks for level 'ServerLevel[world]'/minecraft:the_end
[07:39:11] [Server thread/INFO]: ThreadedAnvilChunkStorage (worldBackup): All chunks are saved
[07:39:11] [Server thread/INFO]: ThreadedAnvilChunkStorage (otherside): All chunks are saved
[07:39:11] [Server thread/INFO]: ThreadedAnvilChunkStorage (DIM-1): All chunks are saved
[07:39:11] [Server thread/INFO]: ThreadedAnvilChunkStorage (DIM1): All chunks are saved
[07:39:11] [Server thread/INFO]: ThreadedAnvilChunkStorage: All dimensions are saved
[07:39:11] [C2ME Storage #3/INFO]: Storage thread Thread[#91,C2ME Storage #3,5,main] stopped
[07:39:11] [C2ME Storage #2/INFO]: Storage thread Thread[#90,C2ME Storage #2,5,main] stopped
[07:39:11] [C2ME Storage #1/INFO]: Storage thread Thread[#89,C2ME Storage #1,5,main] stopped
[07:39:11] [C2ME Storage #6/INFO]: Storage thread Thread[#94,C2ME Storage #6,5,main] stopped
[07:39:11] [C2ME Storage #5/INFO]: Storage thread Thread[#93,C2ME Storage #5,5,main] stopped
[07:39:11] [C2ME Storage #4/INFO]: Storage thread Thread[#92,C2ME Storage #4,5,main] stopped
[07:39:11] [C2ME Storage #9/INFO]: Storage thread Thread[#97,C2ME Storage #9,5,main] stopped
[07:39:11] [C2ME Storage #8/INFO]: Storage thread Thread[#96,C2ME Storage #8,5,main] stopped
[07:39:11] [C2ME Storage #7/INFO]: Storage thread Thread[#95,C2ME Storage #7,5,main] stopped
[07:39:11] [C2ME Storage #12/INFO]: Storage thread Thread[#100,C2ME Storage #12,5,main] stopped
[07:39:11] [C2ME Storage #11/INFO]: Storage thread Thread[#99,C2ME Storage #11,5,main] stopped
[07:39:11] [C2ME Storage #10/INFO]: Storage thread Thread[#98,C2ME Storage #10,5,main] stopped
[07:39:11] [Server thread/INFO]: Unloading server configs...
[07:39:11] [Server thread/INFO]: Sending config unload event for refurbished_furniture.server.toml
[07:39:11] [Server thread/INFO]: Finished unloading server configs
[07:39:11] [Server thread/INFO]: Dispatching unloading event for config easyanvils-server.toml
[07:39:11] [Server thread/INFO]: Dispatching unloading event for config easymagic-server.toml
[07:39:11] [Server thread/INFO]: Dispatching unloading event for config iteminteractions-server.toml
[07:39:11] [Server thread/INFO]: Dispatching unloading event for config pickupnotifier/pickupnotifier-server.toml
